YEAR,Punjab,Sindh,Khyber Pakhtoonkhaw,Balochistan,PAKISTAN,crop
1957-58,79.0,5.0,4.0,0.0,88.0,citrus
1958-59,89.0,4.0,13.0,0.0,106.0,citrus
1959-60,286.0,5.0,7.0,0.0,298.0,citrus
1960-61,301.0,3.0,4.0,0.0,308.0,citrus
1961-62,340.0,6.0,13.0,0.0,359.0,citrus
1962-63,235.5,10.4,19.6,0.2,265.7,citrus
1963-64,360.7,7.5,32.1,1.2,401.5,citrus
1964-65,394.1,53.9,30.9,0.4,479.3,citrus
1965-66,385.5,54.1,27.8,1.3,468.7,citrus
1966-67,441.5,15.6,19.1,0.7,476.9,citrus
1967-68,429.5,15.3,19.1,0.7,464.6,citrus
1968-69,456.2,11.6,16.3,0.7,484.8,citrus
1969-70,374.8,11.6,19.4,0.7,406.5,citrus
1970-71,399.7,22.7,22.1,0.8,445.3,citrus
1971-72,421.8,21.4,21.9,0.8,465.9,citrus
1972-73,453.6,24.2,16.1,1.0,494.9,citrus
1973-74,516.3,30.6,14.7,0.9,562.5,citrus
1974-75,620.3,26.5,18.6,0.9,666.3,citrus
1975-76,625.7,25.1,19.4,0.9,671.1,citrus
1976-77,662.8,27.3,20.2,1.0,711.3,citrus
1977-78,565.0,34.5,22.5,1.1,623.1,citrus
1978-79,677.5,33.7,24.8,1.1,737.1,citrus
1979-80,810.0,34.0,25.5,1.1,870.6,citrus
1980-81,864.3,34.3,26.3,1.3,926.2,citrus
1981-82,1097.5,34.0,27.0,1.3,1159.8,citrus
1982-83,1181.3,34.5,27.3,2.0,1245.1,citrus
1983-84,1236.0,34.0,28.0,2.3,1300.3,citrus
1984-85,1307.8,34.1,28.3,2.8,1373.0,citrus
1985-86,1368.8,34.2,28.6,2.8,1434.4,citrus
1986-87,1400.4,34.4,29.0,3.3,1467.1,citrus
1987-88,1342.7,34.7,30.4,3.5,1411.3,citrus
1988-89,1494.6,36.0,30.4,4.1,1565.1,citrus
1989-90,1506.7,34.7,30.4,4.5,1576.3,citrus
1990-91,1538.5,34.8,31.1,4.7,1609.1,citrus
1991-92,1554.2,35.3,32.7,7.6,1629.8,citrus
1992-93,1585.9,35.8,33.3,10.3,1665.3,citrus
1993-94,1766.7,35.3,34.3,13.1,1849.4,citrus
1994-95,1847.3,35.2,34.6,15.7,1932.8,citrus
1995-96,1872.3,35.1,35.8,16.3,1959.5,citrus
1996-97,1913.1,35.0,37.4,17.1,2002.6,citrus
1997-98,1946.5,35.1,38.3,17.1,2037.0,citrus
1998-99,1769.2,35.2,39.4,17.7,1861.5,citrus
1999-2000,1859.2,32.7,39.7,11.6,1943.2,citrus
2000-01,1813.0,30.9,40.2,13.6,1897.7,citrus
2001-02,1751.0,28.1,37.5,13.7,1830.3,citrus
2002-03,1623.5,27.7,38.0,13.1,1702.3,citrus
2003-04,1688.7,28.5,37.2,5.9,1760.3,citrus
2004-05,1872.3,28.6,36.8,6.0,1943.7,citrus
2005-06,2385.1,29.5,37.7,6.1,2458.4,citrus
2006-07,1400.7,31.5,34.4,5.8,1472.4,citrus
2007-08,2219.3,30.9,35.9,8.4,2294.5,citrus
2008-09,2059.5,30.5,33.8,8.4,2132.2,citrus
2009-10,2077.5,30.5,35.1,6.9,2150.0,citrus
2010-11,1912.0,30.9,32.3,7.0,1982.2,citrus
2011-12,2076.8,30.9,32.6,7.0,2147.3,citrus
2012-13,1930.1,31.4,33.3,7.0,2001.8,citrus
2013-14,2097.7,30.9,31.6,7.5,2167.7,citrus
2014-15,2328.1,30.1,31.0,7.0,2396.2,citrus
2015-16,2276.1,29.5,31.7,6.8,2344.1,citrus
2016-17,2116.5,26.3,30.3,7.0,2180.1,citrus
2017-18,2289.1,25.0,30.3,7.0,2351.4,citrus
2018-19,2397.31,31.62,31.33,8.42,2468.67,citrus
2019-20,2297.8,32.9,28.0,8.6,2367.3,citrus
2020-21,2378.49,33.56,29.24,10.0,2451.28,citrus
2021-22,2548.98,,,,2548.98,citrus
1947-48,46.0,5.0,4.0,1.0,56.0,onion
1948-49,58.0,7.0,6.0,1.0,72.0,onion
1949-50,56.0,6.0,6.0,1.0,69.0,onion
1950-51,90.0,6.0,6.0,1.0,103.0,onion
1951-52,81.0,5.0,6.0,1.0,93.0,onion
1952-53,59.0,6.0,3.0,1.0,69.0,onion
1953-54,65.0,7.0,6.0,0.0,78.0,onion
1954-55,62.0,7.0,6.0,1.0,76.0,onion
1955-56,64.0,9.0,7.0,1.0,81.0,onion
1956-57,52.0,12.0,7.0,1.0,72.0,onion
1957-58,58.0,12.0,8.0,2.0,80.0,onion
1958-59,59.0,18.0,11.0,5.0,93.0,onion
1959-60,68.0,25.0,9.0,2.0,104.0,onion
1960-61,71.0,22.0,6.0,2.0,101.0,onion
1961-62,75.0,17.0,15.0,1.0,108.0,onion
1962-63,82.0,33.0,10.0,3.0,128.0,onion
1963-64,100.0,38.0,13.0,3.0,154.0,onion
1964-65,113.0,38.0,14.0,17.0,182.0,onion
1965-66,109.0,51.0,19.0,20.0,199.0,onion
1966-67,106.0,51.0,16.0,23.0,196.0,onion
1967-68,118.0,53.0,17.0,21.0,209.0,onion
1968-69,112.0,54.0,19.0,25.0,210.0,onion
1969-70,119.0,59.0,23.0,39.0,240.0,onion
1970-71,121.9,61.0,27.4,36.6,246.9,onion
1971-72,127.3,59.9,28.2,37.2,252.6,onion
1972-73,97.1,47.0,21.2,21.3,186.6,onion
1973-74,99.7,88.3,27.6,23.8,239.4,onion
1974-75,112.4,136.2,29.2,25.1,302.9,onion
1975-76,118.3,135.6,31.8,37.0,322.7,onion
1976-77,107.9,129.9,32.1,61.6,331.5,onion
1977-78,107.9,159.8,32.6,25.1,325.4,onion
1978-79,130.5,201.2,25.8,32.2,389.7,onion
1979-80,144.5,203.5,31.4,54.6,434.0,onion
1980-81,140.2,206.1,29.2,72.1,447.6,onion
1981-82,143.2,212.4,30.9,65.3,451.8,onion
1982-83,145.4,217.7,28.3,83.4,474.8,onion
1983-84,149.5,220.9,32.8,100.2,503.4,onion
1984-85,151.7,221.0,36.4,105.5,514.6,onion
1985-86,163.3,270.4,38.0,86.8,558.5,onion
1986-87,157.8,241.4,50.8,126.8,576.8,onion
1987-88,161.2,242.5,65.9,163.5,633.1,onion
1988-89,185.3,255.1,83.4,183.2,707.0,onion
1989-90,143.9,270.4,64.2,234.4,712.9,onion
1990-91,157.9,270.4,68.4,205.7,702.4,onion
1991-92,158.1,299.7,77.2,273.9,808.9,onion
1992-93,171.8,303.6,88.3,290.0,853.7,onion
1993-94,182.9,322.4,93.2,313.0,911.5,onion
1994-95,205.2,354.7,90.1,363.1,1013.1,onion
1995-96,212.1,425.2,93.3,367.0,1097.6,onion
1996-97,218.2,425.7,84.7,402.4,1131.0,onion
1997-98,225.7,430.3,90.2,330.3,1076.5,onion
1998-99,230.8,457.0,120.5,329.9,1138.2,onion
1999-2000,247.6,703.8,147.0,549.6,1648.0,onion
2000-01,251.3,739.3,201.5,371.2,1563.3,onion
2001-02,225.0,596.6,183.2,380.2,1385.0,onion
2002-03,263.2,637.7,193.6,333.0,1427.5,onion
2003-04.,251.2,610.7,192.2,394.9,1449.0,onion
2004-05,264.6,710.7,210.9,578.7,1764.9,onion
2005-06,306.4,833.5,216.6,699.2,2055.7,onion
2006-07,315.7,593.1,206.1,701.6,1816.5,onion
2007-08,260.5,785.0,227.1,742.6,2015.2,onion
2008-09,300.5,660.2,136.4,607.0,1704.1,onion
2009-10,285.9,565.7,207.5,642.0,1701.1,onion
2010-11,367.9,861.5,181.3,528.9,1939.6,onion
2011-12,361.8,619.9,184.5,526.1,1692.3,onion
2012-13,337.0,589.5,187.5,546.8,1660.8,onion
2013-14,358.8,697.3,191.4,492.7,1740.2,onion
2014-15,303.2,666.8,185.5,515.5,1671.0,onion
2015-16,328.2,692.3,201.4,514.6,1736.5,onion
2016-17,370.4,747.5,183.6,531.8,1833.3,onion
2017-18,465.0,747.5,222.4,680.3,2115.2,onion
2018-19,425.39,745.06,223.96,681.58,2075.98,onion
2019-20,436.4,782.1,209.1,672.2,2099.8,onion
2020-21,587.56,826.69,219.28,672.17,2305.7,onion
2021-22,332.66,826.69,219.28,695.84,2074.47,onion
1947-48,351.0,83.0,22.0,9.0,465.0,gram
1948-49,637.0,80.0,26.0,11.0,754.0,gram
1949-50,494.0,76.0,21.0,8.0,599.0,gram
1950-51,610.0,106.0,20.0,8.0,744.0,gram
1951-52,315.0,90.0,12.0,5.0,422.0,gram
1952-53,202.0,92.0,17.0,5.0,316.0,gram
1953-54,406.0,120.0,30.0,6.0,562.0,gram
1954-55,438.0,124.0,27.0,5.0,594.0,gram
1955-56,498.0,145.0,38.0,7.0,688.0,gram
1956-57,514.0,128.0,34.0,5.0,681.0,gram
1957-58,516.0,111.0,20.0,6.0,653.0,gram
1958-59,450.0,96.0,20.0,2.0,568.0,gram
1959-60,477.0,97.0,21.0,3.0,598.0,gram
1960-61,420.0,122.0,50.0,8.0,600.0,gram
1961-62,447.0,127.0,36.0,3.0,613.0,gram
1962-63,509.0,113.0,42.0,3.0,667.0,gram
1963-64,427.0,124.0,46.0,3.0,600.0,gram
1964-65,484.0,123.0,49.0,5.0,661.0,gram
1965-66,402.0,97.0,28.0,4.0,531.0,gram
1966-67,418.0,154.0,49.0,4.0,625.0,gram
1967-68,340.0,116.0,14.0,3.0,473.0,gram
1968-69,352.0,139.0,28.0,1.0,520.0,gram
1969-70,360.0,131.0,9.0,3.0,503.0,gram
1970-71,343.4,130.1,18.3,2.0,493.8,gram
1971-72,364.2,126.4,17.3,2.4,510.3,gram
1972-73,395.9,124.8,30.3,2.1,553.1,gram
1973-74,438.0,141.8,28.3,2.0,610.1,gram
1974-75,388.7,124.7,35.8,1.0,550.2,gram
1975-76,427.5,136.5,36.5,0.9,601.4,gram
1976-77,465.0,141.2,43.2,0.0,649.4,gram
1977-78,449.7,118.0,45.0,0.8,613.5,gram
1978-79,398.8,114.8,23.4,0.8,537.8,gram
1979-80,213.1,99.2,0.3,0.8,313.4,gram
1980-81,240.1,88.7,0.6,7.5,336.9,gram
1981-82,159.3,106.2,14.7,13.5,293.7,gram
1982-83,353.4,99.8,22.6,15.2,491.0,gram
1983-84,380.6,89.8,35.4,16.1,521.9,gram
1984-85,379.6,82.2,45.8,16.1,523.7,gram
1985-86,440.2,76.0,53.8,16.2,586.2,gram
1986-87,430.5,76.6,59.1,17.1,583.3,gram
1987-88,246.6,70.9,39.5,14.5,371.5,gram
1988-89,294.1,68.1,78.9,14.9,456.0,gram
1989-90,396.7,68.2,81.8,15.2,561.9,gram
1990-91,403.0,67.2,45.2,15.6,531.0,gram
1991-92,390.9,65.7,40.1,16.1,512.8,gram
1992-93,227.0,66.0,40.6,13.7,347.3,gram
1993-94,286.4,66.0,44.3,14.0,410.7,gram
1994-95,425.4,69.3,48.9,14.9,558.5,gram
1995-96,537.5,72.8,53.6,15.7,679.6,gram
1996-97,472.6,73.6,39.6,8.6,594.4,gram
1997-98,646.2,73.7,38.3,8.9,767.1,gram
1998-99,577.7,76.7,35.0,8.5,697.9,gram
1999-2000,465.5,70.4,19.5,9.1,564.5,gram
2000-01,334.8,42.3,10.9,9.0,397.0,gram
2001-02,304.2,30.7,14.6,12.6,362.1,gram
2002-03,611.5,32.5,17.4,13.8,675.2,gram
2003-04,524.0,55.8,19.7,11.6,611.1,gram
2004-05,760.6,45.0,34.3,28.3,868.2,gram
2005-06,382.5,45.8,21.1,30.1,479.5,gram
2006-07,728.3,58.1,21.0,30.4,837.8,gram
2007-08,387.5,45.6,15.5,26.0,474.6,gram
2008-09,658.2,31.6,20.0,30.7,740.5,gram
2009-10,488.0,29.5,13.2,30.8,561.5,gram
2010-11,429.1,20.5,20.0,26.4,496.0,gram
2011-12,224.7,18.9,11.0,29.8,284.4,gram
2012-13,691.0,16.1,20.1,24.1,751.3,gram
2013-14,330.7,15.6,22.9,29.8,399.0,gram
2014-15,322.4,14.4,12.3,30.1,379.2,gram
2015-16,227.2,14.4,14.1,30.5,286.2,gram
2016-17,262.5,18.5,16.9,31.8,329.7,gram
2017-18,260.5,18.7,12.4,32.7,324.3,gram
2018-19,377.22,18.1,13.4,32.7,441.42,gram
2019-20,430.0,18.9,21.0,33.7,503.6,gram
2020-21,164.0,23.91,11.59,34.44,233.93,gram
2021-22,250.0,22.88,12.02,34.41,319.32,gram
2022-23,172.0,20.37,12.92,38.33,243.62,gram
1947-48,24.0,1.0,0.0,3.0,28.0,potato
1948-49,32.0,1.0,0.0,4.0,37.0,potato
1949-50,46.0,1.0,1.0,4.0,52.0,potato
1950-51,41.0,1.0,1.0,4.0,47.0,potato
1951-52,44.0,1.0,1.0,4.0,50.0,potato
1952-53,55.0,0.0,1.0,5.0,61.0,potato
1953-54,62.0,1.0,1.0,5.0,69.0,potato
1954-55,54.0,2.0,3.0,4.0,63.0,potato
1955-56,56.0,1.0,9.0,6.0,72.0,potato
1956-57,52.0,1.0,9.0,7.0,69.0,potato
1957-58,79.0,1.0,12.0,7.0,99.0,potato
1958-59,76.0,1.0,19.0,6.0,102.0,potato
1959-60,63.0,1.0,18.0,7.0,89.0,potato
1960-61,81.0,2.0,12.0,15.0,110.0,potato
1961-62,81.0,2.0,28.0,15.0,126.0,potato
1962-63,76.0,4.0,23.0,13.0,116.0,potato
1963-64,87.0,6.0,29.0,12.0,134.0,potato
1964-65,99.0,8.0,45.0,18.0,170.0,potato
1965-66,75.0,9.0,36.0,31.0,151.0,potato
1966-67,90.0,8.0,38.0,29.0,165.0,potato
1967-68,116.0,11.0,35.0,24.0,186.0,potato
1968-69,119.0,9.0,36.0,63.0,227.0,potato
1969-70,111.0,10.0,28.0,27.0,176.0,potato
1970-71,134.1,13.2,42.7,38.6,228.6,potato
1971-72,171.9,9.3,49.1,23.4,253.7,potato
1972-73,158.0,7.8,54.7,20.8,241.3,potato
1973-74,141.4,10.1,67.0,20.3,238.8,potato
1974-75,189.3,8.3,70.4,21.5,289.5,potato
1975-76,223.9,11.8,67.1,18.0,320.8,potato
1976-77,206.9,9.4,66.5,35.2,318.0,potato
1977-78,197.4,6.7,61.7,27.7,293.5,potato
1978-79,289.5,8.8,76.2,17.9,392.4,potato
1979-80,327.6,7.8,78.8,34.3,448.5,potato
1980-81,277.4,7.9,75.8,33.2,394.3,potato
1981-82,325.5,8.3,95.8,47.0,476.6,potato
1982-83,350.0,8.4,92.9,66.8,518.1,potato
1983-84,331.0,8.3,99.5,71.0,509.8,potato
1984-85,353.2,8.5,102.2,79.4,543.3,potato
1985-86,427.8,8.6,104.3,77.7,618.4,potato
1986-87,387.3,7.5,124.5,75.0,594.3,potato
1987-88,383.3,6.3,95.2,78.4,563.2,potato
1988-89,469.8,5.5,81.6,87.9,644.8,potato
1989-90,631.9,5.2,86.5,107.3,830.9,potato
1990-91,571.7,5.1,78.9,95.6,751.3,potato
1991-92,695.6,5.2,81.3,77.7,859.8,potato
1992-93,757.1,5.2,92.0,78.5,932.8,potato
1993-94,868.3,5.0,96.8,86.1,1056.2,potato
1994-95,917.0,5.4,91.3,91.3,1105.0,potato
1995-96,851.6,6.1,92.6,113.2,1063.5,potato
1996-97,779.1,6.3,105.1,73.1,963.6,potato
1997-98,1223.9,7.4,120.8,73.4,1425.5,potato
1998-99,1604.0,8.1,118.2,80.1,1810.4,potato
1999-2000,1648.0,9.0,118.9,92.5,1868.4,potato
2000-01,1479.7,7.5,118.9,59.6,1665.7,potato
2001-02,1548.8,3.0,115.6,54.3,1721.7,potato
2002-03,1761.9,2.5,133.7,48.2,1946.3,potato
2003-04,1775.2,2.9,119.0,41.0,1938.1,potato
2004-05,1849.8,2.5,125.1,47.5,2024.9,potato
2005-06,1389.6,2.6,134.2,41.5,1567.9,potato
2006-07,2407.5,2.7,129.6,41.8,2581.6,potato
2007-08,2387.5,2.6,117.2,31.7,2539.0,potato
2008-09,2782.7,3.0,121.0,34.6,2941.3,potato
2009-10,2990.9,3.3,113.7,33.5,3141.4,potato
2010-11,3339.9,3.9,118.2,29.7,3491.7,potato
2011-12,3235.3,3.9,120.6,32.7,3392.5,potato
2012-13,3639.1,4.3,109.4,33.1,3785.9,potato
2013-14,2743.3,4.4,105.6,30.5,2883.8,potato
2014-15,4019.9,4.7,105.6,29.9,4160.1,potato
2015-16,3811.1,4.9,116.4,30.0,3962.4,potato
2016-17,3660.3,5.6,143.4,22.4,3831.7,potato
2017-18,4402.6,5.7,152.6,23.4,4584.3,potato
2018-19,4691.0,6.42,149.43,21.26,4868.1,potato
2019-20,4371.85,6.4,124.2,20.8,4523.25,potato
2020-21,5682.0,6.0,160.03,24.93,5872.96,potato
2021-22,7735.94,6.0,160.03,29.1,7931.07,potato
1947-48,25.0,2.0,3.3,0.1,30.4,moong
1948-49,28.0,2.3,4.0,0.1,34.4,moong
1949-50,31.1,2.6,22.3,0.2,56.2,moong
1950-51,30.5,2.2,4.5,0.1,37.3,moong
1951-52,24.3,2.5,3.4,0.1,30.3,moong
1952-53,22.0,1.1,2.3,0.2,25.6,moong
1953-54,26.0,0.9,2.8,0.1,29.8,moong
1954-55,23.3,1.0,1.3,0.1,25.7,moong
1955-56,23.8,0.7,2.2,0.1,26.8,moong
1956-57,22.5,0.9,2.2,0.2,25.8,moong
1957-58,18.5,0.9,1.7,0.1,21.2,moong
1958-59,19.4,3.3,2.6,0.3,25.6,moong
1959-60,22.0,1.8,1.7,0.3,25.8,moong
1960-61,20.7,4.0,2.3,0.3,27.3,moong
1961-62,20.7,2.2,2.7,0.7,26.3,moong
1962-63,19.3,1.6,2.6,0.5,24.0,moong
1963-64,19.8,2.0,3.3,1.0,26.1,moong
1964-65,22.7,2.6,3.5,1.7,30.5,moong
1965-66,19.7,3.2,4.2,1.6,28.7,moong
1966-67,20.4,3.5,3.6,1.8,29.3,moong
1967-68,25.2,3.6,4.1,2.0,34.9,moong
1968-69,17.6,2.7,4.8,2.2,27.3,moong
1969-70,17.1,2.0,3.4,2.5,25.0,moong
1970-71,21.2,4.1,6.8,0.7,32.8,moong
1971-72,21.1,4.7,7.0,2.7,35.5,moong
1972-73,19.0,4.8,4.5,1.7,30.0,moong
1973-74,19.6,5.5,5.1,1.8,32.0,moong
1974-75,20.5,2.9,3.9,1.3,28.6,moong
1975-76,22.0,4.9,3.7,1.3,31.9,moong
1976-77,18.9,4.7,3.7,2.4,29.7,moong
1977-78,20.4,4.9,3.5,2.0,30.8,moong
1978-79,17.6,5.0,5.5,1.9,30.0,moong
1979-80,21.9,4.6,4.9,1.3,32.7,moong
1980-81,20.6,4.8,4.4,2.0,31.8,moong
1981-82,19.5,5.4,5.2,1.5,31.6,moong
1982-83,24.6,6.1,6.3,2.6,39.6,moong
1983-84,26.0,6.0,6.9,2.9,41.8,moong
1984-85,29.2,6.2,7.2,2.0,44.6,moong
1985-86,33.2,6.3,7.1,2.2,48.8,moong
1986-87,37.7,6.3,9.0,2.3,55.3,moong
1987-88,32.4,5.0,3.7,2.2,43.3,moong
1988-89,31.4,4.1,3.3,2.3,41.1,moong
1989-90,45.2,3.9,4.4,3.5,57.0,moong
1990-91,45.3,4.0,4.9,2.3,56.5,moong
1991-92,40.0,3.5,4.7,2.7,50.9,moong
1992-93,48.4,3.7,4.8,5.2,62.1,moong
1993-94,57.6,2.5,4.8,4.4,69.3,moong
1994-95,67.4,4.3,5.2,3.1,80.0,moong
1995-96,77.2,4.0,4.6,4.8,90.6,moong
1996-97,78.7,2.9,5.0,2.9,89.5,moong
1997-98,72.0,3.9,5.5,7.5,88.9,moong
1998-99,75.1,4.7,5.6,5.1,90.5,moong
1999-00,82.0,3.2,5.5,4.1,94.8,moong
2000-01,92.7,3.7,6.1,2.0,104.5,moong
2001-02,102.0,5.5,5.9,2.0,115.4,moong
2002-03,125.7,2.3,8.1,2.3,138.4,moong
2003-04,126.8,4.4,7.5,2.0,140.7,moong
2004-05,118.3,2.3,6.8,2.6,130.0,moong
2005-06,101.8,3.2,6.4,2.5,113.9,moong
2006-07,124.6,4.2,6.3,3.4,138.5,moong
2007-08,153.4,9.1,6.4,8.8,177.7,moong
2008-09,140.3,5.8,4.4,6.9,157.4,moong
2009-10,100.9,5.4,5.1,7.3,118.7,moong
2010-11,60.0,4.4,5.1,6.7,76.2,moong
2011-12,80.7,1.0,4.3,7.0,93.0,moong
2012-13,78.5,0.9,4.4,6.2,90.0,moong
2013-14,81.6,0.8,5.4,5.1,92.9,moong
2014-15,89.6,1.0,5.8,2.5,98.9,moong
2015-16,93.9,0.9,4.8,2.5,102.1,moong
2016-17,120.9,1.3,4.9,3.1,130.2,moong
2017-18,113.2,1.2,4.5,3.2,122.1,moong
2018-19,110.15,1.2,4.5,2.5,118.35,moong
2019-20,112.7,5.1,4.6,2.5,124.9,moong
2020-21,192.54,3.0,4.16,4.83,204.53,moong
2021-22,249.8,5.49,4.26,4.23,263.78,moong
1947-48,3909.0,192.0,1341.0,0.0,5442.0,sugarcane
1948-49,5360.0,252.0,1225.0,0.0,6837.0,sugarcane
1949-50,6308.0,269.0,1148.0,0.0,7725.0,sugarcane
1950-51,4270.0,227.0,922.0,0.0,5419.0,sugarcane
1951-52,4000.0,237.0,1077.0,0.0,5314.0,sugarcane
1952-53,5467.0,276.0,1408.0,0.0,7151.0,sugarcane
1953-54,6923.0,524.0,1368.0,0.0,8815.0,sugarcane
1954-55,6849.0,412.0,1435.0,0.0,8696.0,sugarcane
1955-56,6223.0,500.0,1347.0,0.0,8070.0,sugarcane
1956-57,6662.0,607.0,1537.0,0.0,8806.0,sugarcane
1957-58,8243.0,985.0,1888.0,0.0,11116.0,sugarcane
1958-59,9049.0,872.0,2371.0,0.0,12292.0,sugarcane
1959-60,7731.0,820.0,1943.0,0.0,10494.0,sugarcane
1960-61,8687.0,892.0,1878.0,0.0,11457.0,sugarcane
1961-62,10960.0,1182.0,1988.0,0.0,14130.0,sugarcane
1962-63,13266.0,2383.0,2499.0,0.0,18148.0,sugarcane
1963-64,11572.0,1859.0,2453.0,1.0,15885.0,sugarcane
1964-65,12539.0,2674.0,3159.0,1.0,18373.0,sugarcane
1965-66,15707.0,2832.0,3417.0,1.0,21957.0,sugarcane
1966-67,15443.0,2949.0,3242.0,1.0,21635.0,sugarcane
1967-68,13040.0,2362.0,2963.0,0.0,18365.0,sugarcane
1968-69,15900.0,2734.0,2990.0,0.0,21624.0,sugarcane
1969-70,19402.0,3341.8,3207.6,1.9,25953.3,sugarcane
1970-71,16834.0,3239.2,3092.8,1.0,23167.0,sugarcane
1971-72,13774.6,2784.8,3401.8,1.9,19963.1,sugarcane
1972-73,13726.9,2915.1,3304.0,1.5,19947.5,sugarcane
1973-74,16617.5,3795.0,3497.2,0.8,23910.5,sugarcane
1974-75,14810.0,2767.2,3663.1,1.6,21241.9,sugarcane
1975-76,18267.6,3586.4,3690.6,2.1,25546.7,sugarcane
1976-77,21788.3,4037.0,3695.4,2.3,29523.0,sugarcane
1977-78,22095.7,4260.4,3718.8,1.7,30076.6,sugarcane
1978-79,19343.9,4373.8,3606.1,1.7,27325.5,sugarcane
1979-80,19413.5,4664.4,3417.0,2.8,27497.7,sugarcane
1980-81,23733.0,5007.3,3598.0,21.1,32359.4,sugarcane
1981-82,25021.0,7462.7,4057.2,38.8,36579.7,sugarcane
1982-83,20882.4,7545.7,4017.6,87.8,32533.5,sugarcane
1983-84,22835.9,7357.1,4065.3,29.0,34287.3,sugarcane
1984-85,20959.0,7427.9,3722.4,30.3,32139.6,sugarcane
1985-86,16755.1,7533.2,3553.1,14.9,27856.3,sugarcane
1986-87,18477.7,7906.1,3518.5,23.5,29925.8,sugarcane
1987-88,19406.2,9574.8,4020.5,27.3,33028.8,sugarcane
1988-89,19493.7,13110.5,4349.0,22.5,36975.7,sugarcane
1989-90,18682.9,12360.0,4427.3,23.4,35493.6,sugarcane
1990-91,19633.4,11815.6,4516.1,23.6,35988.7,sugarcane
1991-92,20026.8,14240.5,4568.9,28.7,38864.9,sugarcane
1992-93,20044.8,13556.8,4428.4,28.9,38058.9,sugarcane
1993-94,24510.8,15421.0,4470.1,25.1,44427.0,sugarcane
1994-95,28268.0,14310.3,4562.2,27.9,47168.4,sugarcane
1995-96,26880.0,13737.2,4583.0,29.5,45229.7,sugarcane
1996-97,24010.2,13110.6,4841.6,36.0,41998.4,sugarcane
1997-98,32110.6,15999.6,4956.5,37.5,53104.2,sugarcane
1998-99,33382.8,17050.7,4719.5,38.1,55191.1,sugarcane
1999-2000,27081.3,14290.8,4917.1,43.4,46332.6,sugarcane
2000-01,26740.0,12049.7,4784.4,32.2,43606.3,sugarcane
2001-02,31803.1,11416.3,4787.2,35.0,48041.6,sugarcane
2002-03,33168.6,13797.6,5049.0,40.6,52055.8,sugarcane
2003-04,34023.0,14611.8,4745.6,38.8,53419.2,sugarcane
2004-05,33048.0,9357.4,4816.2,22.5,47244.1,sugarcane
2005-06,28968.6,11243.4,4439.0,14.5,44665.5,sugarcane
2006-07,37542.0,12529.21,4645.1,25.3,54741.61,sugarcane
2007-08,40306.0,18793.9,4792.0,28.1,63920.0,sugarcane
2008-09,32294.7,13304.3,4408.5,37.9,50045.4,sugarcane
2009-10,31324.0,13505.4,4507.9,35.6,49372.9,sugarcane
2010-11,37481.0,13766.4,4030.3,30.8,55308.5,sugarcane
2011-12,42893.0,10788.3,4684.3,30.8,58396.4,sugarcane
2012-13,42982.0,15966.2,4770.2,31.5,63749.9,sugarcane
2013-14,43704.0,18362.5,5361.4,32.2,67460.1,sugarcane
2014-15,41074.3,16613.8,5107.0,31.6,62826.7,sugarcane
2015-16,41968.2,17984.3,5498.3,31.7,65482.5,sugarcane
2016-17,49613.0,20208.9,5628.7,31.6,75482.2,sugarcane
2017-18,55067.5,20611.9,6405.0,43.4,82127.8,sugarcane
2018-19,44906.31,16691.3,5532.0,44.3,67173.91,sugarcane
2019-20,43346.6,17233.83,5754.0,45.2,66379.63,sugarcane
2020-21,57000.0,18335.53,5627.55,46.2,81009.26,sugarcane
2021-22,64245.0,19460.72,4909.95,34.9,88650.59,sugarcane
2022-23,66932.0,16171.73,4844.24,33.2,87981.14,sugarcane
1947-48,1.0,0.0,0.0,0.0,1.0,linseed
1948-49,1.0,0.0,0.0,0.0,1.0,linseed
1949-50,1.0,0.0,0.0,0.0,1.0,linseed
1950-51,2.0,0.0,0.0,0.0,2.0,linseed
1951-52,2.0,0.0,0.0,0.0,2.0,linseed
1952-53,1.0,0.0,0.0,0.0,1.0,linseed
1953-54,4.0,0.0,0.0,0.0,4.0,linseed
1954-55,2.0,0.0,0.0,0.0,2.0,linseed
1955-56,2.0,0.0,0.0,0.0,2.0,linseed
1956-57,4.0,0.0,0.0,0.0,4.0,linseed
1957-58,2.0,0.0,0.0,0.0,2.0,linseed
1958-59,2.0,0.0,0.0,0.0,2.0,linseed
1959-60,3.0,0.0,0.0,0.0,3.0,linseed
1960-61,3.0,0.0,0.0,0.0,3.0,linseed
1961-62,2.0,0.0,0.0,0.0,2.0,linseed
1962-63,4.0,0.0,0.0,0.0,4.0,linseed
1963-64,3.0,0.0,0.0,0.0,3.0,linseed
1964-65,4.0,0.0,0.0,0.0,4.0,linseed
1965-66,3.0,0.0,0.0,0.0,3.0,linseed
1966-67,3.0,0.0,0.0,0.0,3.0,linseed
1967-68,4.0,0.0,0.0,0.0,4.0,linseed
1968-69,3.0,0.0,0.0,0.0,3.0,linseed
1969-70,3.0,0.0,0.0,0.0,3.0,linseed
1970-71,3.37,0.01,0.0,0.0,3.38,linseed
1971-72,4.1,0.03,0.0,0.0,4.13,linseed
1972-73,4.46,0.34,0.0,0.0,4.81,linseed
1973-74,4.69,0.08,0.03,0.0,4.8,linseed
1974-75,4.32,0.07,0.0,0.0,4.4,linseed
1975-76,4.38,0.08,0.0,0.0,4.46,linseed
1976-77,4.22,0.14,0.0,0.0,4.36,linseed
1977-78,5.43,0.17,0.02,0.0,5.62,linseed
1978-79,6.4,0.24,0.02,0.0,6.66,linseed
1979-80,5.91,0.35,0.0,0.0,6.26,linseed
1980-81,6.02,0.49,0.01,0.0,6.51,linseed
1981-82,5.05,0.53,0.32,0.0,5.9,linseed
1982-83,4.29,0.75,0.02,0.0,5.06,linseed
1983-84,4.04,0.94,0.0,0.0,4.99,linseed
1984-85,4.08,1.09,0.0,0.0,5.17,linseed
1985-86,4.41,1.21,0.0,0.0,5.62,linseed
1986-87,4.1,1.24,0.0,0.0,5.34,linseed
1987-88,3.52,1.1,0.0,0.0,4.62,linseed
1988-89,3.43,1.35,0.0,0.0,4.78,linseed
1989-90,3.11,1.36,0.0,0.0,4.47,linseed
1990-91,2.56,1.57,0.0,0.0,4.13,linseed
1991-92,2.61,1.75,0.0,0.0,4.37,linseed
1992-93,2.33,1.78,0.0,0.0,4.1,linseed
1993-94,2.27,1.64,0.0,0.0,3.9,linseed
1994-95,2.56,1.6,0.0,0.0,4.15,linseed
1995-96,2.58,2.03,0.0,0.0,4.61,linseed
1996-97,2.54,2.05,0.0,0.0,4.59,linseed
1997-98,2.46,2.07,0.0,0.0,4.53,linseed
1998-99,2.01,2.93,0.0,0.0,4.94,linseed
1999-2000,1.88,2.59,0.0,0.0,4.47,linseed
2000-01,1.55,1.16,0.0,0.0,2.71,linseed
2001-02,1.42,1.6,0.0,0.0,3.02,linseed
2002-03,1.34,1.63,0.0,0.0,2.97,linseed
2003-04,1.24,1.85,0.0,0.0,3.09,linseed
2004-05,1.11,1.45,0.0,0.0,2.56,linseed
2005-06,1.08,1.7,0.0,0.0,2.78,linseed
2006-07,1.02,2.61,0.0,0.0,3.63,linseed
2007-08,0.95,2.15,0.0,0.0,3.11,linseed
2008-09,1.01,2.64,0.0,0.0,3.66,linseed
2009-10,0.8,1.91,0.0,0.0,2.71,linseed
2010-11,0.78,2.0,0.0,0.0,2.78,linseed
2011-12,0.61,2.0,0.0,0.0,2.61,linseed
2012-13,0.6,2.1,0.0,0.0,2.7,linseed
2013-14,0.63,1.74,0.0,0.0,2.37,linseed
2014-15,0.5,1.6,0.0,0.0,2.1,linseed
2015-16,0.5,1.7,0.0,0.0,2.2,linseed
2016-17,0.5,1.6,0.0,0.0,2.1,linseed
2017-18,0.58,1.7,0.0,0.0,2.28,linseed
2018-19,0.3,1.37,0.0,0.0,1.67,linseed
2019-20,0.3,1.37,0.0,0.0,1.67,linseed
2020-21,0.3,1.37,0.0,0.0,1.67,linseed
2021-22,0.3,1.37,0.0,0.0,1.67,linseed
1975-76,0.1,0.0,18.8,7.6,26.5,plum
1976-77,0.2,0.0,19.2,8.4,27.8,plum
1977-78,0.1,0.0,20.6,8.9,29.6,plum
1978-79,0.1,0.0,26.9,9.5,36.5,plum
1979-80,0.4,0.0,21.2,10.5,32.1,plum
1980-81,1.0,0.0,27.2,10.0,38.2,plum
1981-82,0.1,0.0,27.5,10.6,38.2,plum
1982-83,0.4,0.0,28.4,11.6,40.4,plum
1983-84,1.3,0.0,29.4,12.1,42.8,plum
1984-85,1.3,0.0,30.0,12.5,43.8,plum
1985-86,1.3,0.0,29.9,13.0,44.2,plum
1986-87,1.3,0.0,30.5,13.9,45.7,plum
1987-88,1.3,0.0,30.6,15.0,46.9,plum
1988-89,1.2,0.0,30.1,16.2,47.5,plum
1989-90,1.3,0.0,31.1,17.7,50.1,plum
1990-91,0.6,0.0,32.6,19.1,52.3,plum
1991-92,0.5,0.0,34.3,26.6,61.4,plum
1992-93,0.5,0.0,35.0,29.2,64.7,plum
1993-94,0.5,0.0,35.5,31.6,67.6,plum
1994-95,0.5,0.0,35.7,36.1,72.3,plum
1995-96,0.6,0.0,35.4,40.4,76.4,plum
1996-97,0.6,0.0,35.8,40.9,77.3,plum
1997-98,0.6,0.0,36.6,41.2,78.4,plum
1998-99,0.6,0.0,38.4,41.7,80.7,plum
1999-2000,0.7,0.0,39.2,19.1,59.0,plum
2000-01,0.7,0.0,39.4,23.7,63.8,plum
2001-02,0.7,0.0,35.8,26.6,63.1,plum
2002-03,0.5,0.0,39.1,26.2,65.8,plum
2003-04,0.4,0.0,37.4,26.4,64.2,plum
2004-05,0.4,0.0,34.0,26.3,60.7,plum
2005-06,0.4,0.0,33.1,26.5,60.0,plum
2006-07,0.3,0.0,33.8,26.3,60.4,plum
2007-08,0.3,0.0,35.4,37.3,73.0,plum
2008-09,0.3,0.0,31.5,35.1,66.9,plum
2009-10,0.3,0.0,28.2,29.0,57.5,plum
2010-11,0.3,0.0,27.0,28.9,56.2,plum
2011-12,0.2,0.0,27.3,25.7,53.2,plum
2012-13,0.2,0.0,27.3,28.2,55.7,plum
2013-14,0.2,0.0,26.8,28.3,55.3,plum
2014-15,0.2,0.0,26.3,28.0,54.5,plum
2015-16,0.2,0.0,25.4,29.0,54.6,plum
2016-17,0.2,0.0,21.3,24.4,45.9,plum
2017-18,0.2,0.0,25.2,24.4,49.8,plum
2018-19,0.16,0.0,25.18,22.37,47.7,plum
2019-20,0.2,0.0,24.6,26.6,51.4,plum
2020-21,0.0,0.0,22.99,29.09,52.08,plum
2021-22,0.0,0.0,21.6,38.68,60.28,plum
1958-59,3.9,0.0,2.3,0.0,6.2,pears
1959-60,3.4,0.0,3.0,0.0,6.4,pears
1960-61,3.7,0.0,3.3,0.0,7.0,pears
1961-62,3.8,0.0,3.9,0.3,8.0,pears
1962-63,2.5,0.0,22.2,0.1,24.8,pears
1963-64,3.6,0.0,22.7,0.6,26.9,pears
1964-65,3.6,0.0,23.0,0.4,27.0,pears
1965-66,2.4,0.0,31.9,0.4,34.7,pears
1966-67,3.4,0.0,10.1,0.5,14.0,pears
1967-68,3.3,0.0,13.0,0.5,16.8,pears
1968-69,4.0,0.0,12.0,0.5,16.5,pears
1969-70,0.0,0.0,16.2,0.9,17.1,pears
1970-71,5.4,0.0,6.9,0.9,13.2,pears
1971-72,6.2,0.0,6.9,0.8,13.9,pears
1972-73,7.1,0.0,17.5,0.7,25.3,pears
1973-74,7.0,0.0,24.1,0.9,32.0,pears
1974-75,7.8,0.0,18.2,0.9,26.9,pears
1975-76,8.4,0.0,20.3,0.9,29.6,pears
1976-77,8.9,0.0,22.3,0.9,32.1,pears
1977-78,9.9,0.0,23.0,0.7,33.6,pears
1978-79,9.4,0.0,23.2,0.7,33.3,pears
1979-80,3.5,0.0,23.5,0.7,27.7,pears
1980-81,3.9,0.0,28.9,0.7,33.5,pears
1981-82,3.2,0.0,29.2,0.7,33.1,pears
1982-83,3.3,0.0,29.7,0.8,33.8,pears
1983-84,2.3,0.0,30.3,0.9,33.5,pears
1984-85,2.4,0.0,30.7,1.0,34.1,pears
1985-86,2.4,0.0,30.6,1.0,34.0,pears
1986-87,2.1,0.0,30.8,1.0,33.9,pears
1987-88,2.4,0.0,31.0,1.0,34.4,pears
1988-89,2.5,0.0,30.5,1.0,34.0,pears
1989-90,2.6,0.0,28.8,0.9,32.3,pears
1990-91,1.4,0.0,28.8,0.9,31.1,pears
1991-92,2.0,0.0,30.4,0.9,33.3,pears
1992-93,1.9,0.0,30.7,0.9,33.5,pears
1993-94,1.9,0.0,31.1,0.9,33.9,pears
1994-95,1.9,0.0,31.5,0.9,34.3,pears
1995-96,2.0,0.0,32.1,0.9,35.0,pears
1996-97,2.1,0.0,32.2,0.9,35.2,pears
1997-98,2.2,0.0,32.5,0.9,35.6,pears
1998-99,2.2,0.0,34.4,0.9,37.5,pears
1999-2000,2.3,0.0,35.0,0.4,37.7,pears
2000-01,2.3,0.0,35.4,0.5,38.2,pears
2001-02,2.0,0.0,29.9,0.5,32.4,pears
2002-03,1.4,0.0,29.9,0.9,32.2,pears
2003-04,1.2,0.0,29.0,0.5,30.7,pears
2004-05,0.4,0.0,27.5,0.4,28.3,pears
2005-06,0.3,0.0,27.6,0.4,28.3,pears
2006-07,0.2,0.0,27.5,0.5,28.2,pears
2007-08,0.2,0.0,23.3,0.7,24.2,pears
2008-09,0.2,0.0,23.5,0.7,24.4,pears
2009-10,0.2,0.0,19.4,0.6,20.2,pears
2010-11,0.2,0.0,18.6,0.5,19.3,pears
2011-12,0.1,0.0,18.4,0.5,19.0,pears
2012-13,0.1,0.0,18.2,0.5,18.8,pears
2013-14,0.1,0.0,18.1,0.5,18.7,pears
2014-15,0.1,0.0,16.4,0.5,17.0,pears
2015-16,0.1,0.0,16.1,0.4,16.6,pears
2016-17,0.1,0.0,15.9,0.5,16.5,pears
2017-18,0.2,0.0,15.4,0.5,16.1,pears
2018-19,0.1,0.0,15.13,0.41,15.64,pears
2019-20,0.1,0.0,13.9,0.5,14.5,pears
2020-21,0.0,0.0,13.52,0.61,14.13,pears
2021-22,0.0,0.0,10.89,0.76,11.65,pears
1947-48,33.0,2.9,0.0,0.0,35.9,masoor
1948-49,26.1,0.8,0.1,0.0,27.0,masoor
1949-50,26.1,1.1,0.1,0.0,27.3,masoor
1950-51,25.2,1.6,0.2,0.0,27.0,masoor
1951-52,24.3,2.2,0.0,0.0,26.5,masoor
1952-53,19.5,1.7,0.4,0.0,21.6,masoor
1953-54,25.4,1.9,0.4,0.0,27.7,masoor
1954-55,35.9,2.0,0.7,0.0,38.6,masoor
1955-56,29.6,1.4,0.6,0.0,31.6,masoor
1956-57,30.2,2.3,0.9,0.0,33.4,masoor
1957-58,27.8,2.2,0.6,0.0,30.6,masoor
1958-59,33.1,2.0,0.8,0.0,35.9,masoor
1959-60,28.3,2.4,0.4,0.0,31.1,masoor
1960-61,29.7,2.1,0.7,0.0,32.5,masoor
1961-62,26.0,2.7,1.0,0.0,29.7,masoor
1962-63,36.4,3.3,0.9,0.1,40.7,masoor
1963-64,37.9,4.8,0.7,0.1,43.5,masoor
1964-65,24.7,2.1,0.8,0.1,27.7,masoor
1965-66,15.8,3.2,0.5,0.0,19.5,masoor
1966-67,25.3,3.7,1.2,0.0,30.2,masoor
1967-68,21.4,2.8,0.9,0.0,25.1,masoor
1968-69,19.2,2.5,0.8,0.0,22.5,masoor
1969-70,17.9,2.7,1.3,0.0,21.9,masoor
1970-71,17.3,2.9,0.9,0.0,21.1,masoor
1971-72,18.2,2.9,1.7,0.0,22.8,masoor
1972-73,21.4,4.1,1.6,0.0,27.1,masoor
1973-74,27.2,5.0,1.4,0.0,33.6,masoor
1974-75,20.9,4.2,1.4,0.0,26.5,masoor
1975-76,21.0,5.2,2.1,0.0,28.3,masoor
1976-77,23.2,5.4,2.0,0.0,30.6,masoor
1977-78,26.9,5.4,1.2,0.0,33.5,masoor
1978-79,30.9,6.5,1.6,0.0,39.0,masoor
1979-80,28.5,6.8,1.2,0.0,36.5,masoor
1980-81,22.8,5.4,1.3,0.0,29.5,masoor
1981-82,22.1,8.0,1.3,0.0,31.4,masoor
1982-83,20.1,8.3,1.5,0.0,29.9,masoor
1983-84,15.5,4.4,1.8,0.0,21.7,masoor
1984-85,20.0,4.4,1.5,0.1,26.0,masoor
1985-86,25.2,4.5,1.5,0.1,31.3,masoor
1986-87,25.1,4.5,2.8,0.1,32.5,masoor
1987-88,23.2,4.2,3.4,0.1,30.9,masoor
1988-89,24.6,4.4,3.8,0.0,32.8,masoor
1989-90,21.8,4.4,3.7,0.0,29.9,masoor
1990-91,18.8,4.5,3.9,0.0,27.2,masoor
1991-92,17.1,4.6,4.4,0.0,26.1,masoor
1992-93,19.0,4.7,4.4,0.1,28.2,masoor
1993-94,15.5,4.7,4.7,0.2,25.1,masoor
1994-95,21.3,4.8,4.4,0.5,31.0,masoor
1995-96,22.7,5.6,3.9,1.8,34.0,masoor
1996-97,23.6,5.7,3.8,1.9,35.0,masoor
1997-98,25.6,5.8,3.7,2.0,37.1,masoor
1998-99,26.4,6.6,2.7,2.0,37.7,masoor
1999-2000,25.5,5.9,2.6,1.5,35.5,masoor
2000-01,17.9,5.5,2.1,1.4,26.9,masoor
2001-02,18.3,4.2,2.5,1.2,26.2,masoor
2002-03,21.6,3.9,2.4,1.3,29.2,masoor
2003-04,22.0,4.7,2.8,1.6,31.1,masoor
2004-05,17.2,3.5,3.1,2.1,25.9,masoor
2005-06,10.1,3.0,2.8,2.0,17.9,masoor
2006-07,10.9,5.4,2.8,2.0,21.1,masoor
2007-08,7.2,3.0,2.8,1.6,14.6,masoor
2008-09,6.5,3.6,2.4,1.9,14.4,masoor
2009-10,4.8,2.8,1.6,1.7,10.9,masoor
2010-11,7.7,2.0,1.8,1.8,13.3,masoor
2011-12,5.1,2.1,2.1,1.8,11.1,masoor
2012-13,5.4,1.0,2.3,1.1,9.8,masoor
2013-14,4.3,0.9,1.7,1.2,8.1,masoor
2014-15,3.3,0.9,1.7,1.1,7.0,masoor
2015-16,4.1,0.9,1.8,1.1,7.9,masoor
2016-17,4.0,0.9,1.6,1.1,7.6,masoor
2017-18,2.8,0.9,1.5,1.1,6.3,masoor
2018-19,2.73,0.9,1.6,1.1,6.33,masoor
2019-20,1.42,0.7,1.5,1.1,4.72,masoor
2020-21,0.34,0.52,2.05,1.19,4.1,masoor
2021-22,0.36,0.52,2.05,1.21,4.14,masoor
1947-48,2595.0,371.0,280.0,55.0,3301.0,wheat
1948-49,3232.0,401.0,268.0,73.0,3974.0,wheat
1949-50,3131.0,347.0,295.0,89.0,3862.0,wheat
1950-51,3299.0,296.0,261.0,74.0,3930.0,wheat
1951-52,2436.0,273.0,189.0,64.0,2962.0,wheat
1952-53,1777.0,376.0,160.0,54.0,2367.0,wheat
1953-54,2910.0,387.0,213.0,77.0,3587.0,wheat
1954-55,2492.0,368.0,204.0,72.0,3136.0,wheat
1955-56,2612.0,372.0,255.0,78.0,3317.0,wheat
1956-57,2846.0,395.0,270.0,70.0,3581.0,wheat
1957-58,2750.0,398.0,279.0,81.0,3508.0,wheat
1958-59,3042.0,432.0,301.0,70.0,3845.0,wheat
1959-60,2977.0,441.0,353.0,76.0,3847.0,wheat
1960-61,2899.0,477.0,301.0,77.0,3754.0,wheat
1961-62,3109.0,495.0,304.0,55.0,3963.0,wheat
1962-63,3309.0,425.0,301.0,69.0,4104.0,wheat
1963-64,3209.0,464.0,343.0,80.0,4096.0,wheat
1964-65,3514.0,544.0,361.0,99.0,4518.0,wheat
1965-66,2931.0,533.0,304.0,86.0,3854.0,wheat
1966-67,3346.0,551.0,283.0,86.0,4266.0,wheat
1967-68,4966.0,832.0,389.0,130.0,6317.0,wheat
1968-69,5185.0,845.0,381.0,102.0,6513.0,wheat
1969-70,5552.0,1090.0,375.0,162.0,7179.0,wheat
1970-71,4948.2,1120.7,331.2,76.2,6476.3,wheat
1971-72,5291.1,1081.1,439.6,78.6,6890.4,wheat
1972-73,5693.5,1095.8,584.4,68.6,7442.3,wheat
1973-74,5664.8,1246.0,606.9,111.2,7628.9,wheat
1974-75,5785.6,1143.6,613.2,131.1,7673.5,wheat
1975-76,6571.6,1320.9,660.4,137.8,8690.7,wheat
1976-77,6807.7,1478.6,711.4,146.0,9143.7,wheat
1977-78,6090.2,1427.0,688.6,161.4,8367.2,wheat
1978-79,7323.6,1680.1,737.5,208.8,9950.0,wheat
1979-80,7913.5,1849.4,862.5,231.1,10856.5,wheat
1980-81,8350.0,1945.8,940.8,238.0,11474.6,wheat
1981-82,7962.1,2061.7,962.2,318.2,11304.2,wheat
1982-83,8935.1,2066.7,998.4,414.2,12414.4,wheat
1983-84,7622.8,1945.8,859.8,453.5,10881.9,wheat
1984-85,8315.1,2078.7,872.1,437.1,11703.0,wheat
1985-86,10431.6,2172.2,906.5,412.7,13923.0,wheat
1986-87,8334.3,2211.5,959.4,510.7,12015.9,wheat
1987-88,9203.8,2180.4,899.2,391.7,12675.1,wheat
1988-89,10517.0,2360.6,1003.7,537.9,14419.2,wheat
1989-90,10518.2,2130.9,1102.1,564.3,14315.5,wheat
1990-91,10513.8,2274.5,1148.4,628.3,14565.0,wheat
1991-92,11492.3,2365.4,1163.4,663.1,15684.2,wheat
1992-93,11742.0,2418.0,1183.0,813.5,16156.5,wheat
1993-94,11218.0,2116.6,1134.3,744.1,15213.0,wheat
1994-95,12713.0,2319.1,1180.2,790.1,17002.4,wheat
1995-96,12430.0,2344.8,1202.5,930.1,16907.4,wheat
1996-97,12371.0,2443.9,1064.4,771.2,16650.5,wheat
1997-98,13807.0,2659.4,1356.0,871.6,18694.0,wheat
1998-99,13212.0,2675.1,1221.8,748.7,17857.6,wheat
1999-2000,16480.0,3001.3,1067.8,529.5,21078.6,wheat
2000-01,15419.0,2226.5,764.0,614.2,19023.7,wheat
2001-02,14594.4,2101.0,890.5,640.6,18226.5,wheat
2002-03,15355.0,2109.2,1064.4,654.7,19183.3,wheat
2003-04,15639.0,2172.2,1025.2,663.4,19499.8,wheat
2004-05,17375.0,2508.6,1091.1,637.6,21612.3,wheat
2005-06,16776.0,2750.3,1100.6,649.9,21276.8,wheat
2006-07,17853.0,3409.2,1160.4,872.1,23294.7,wheat
2007-08,15607.0,3411.4,1071.8,868.6,20958.8,wheat
2008-09,18420.0,3540.2,1204.5,868.2,24032.9,wheat
2009-10,17919.0,3703.1,1152.5,536.2,23310.8,wheat
2010-11,19041.0,4287.9,1155.8,729.1,25213.8,wheat
2011-12,17738.9,3761.5,1130.3,842.7,23473.4,wheat
2012-13,18587.0,3598.7,1257.6,768.1,24211.4,wheat
2013-14,19738.9,4002.1,1363.1,875.3,25979.4,wheat
2014-15,19281.9,3672.2,1259.9,872.1,25086.1,wheat
2015-16,19526.7,3834.6,1400.5,871.3,25633.1,wheat
2016-17,20466.3,3910.4,1365.1,931.8,26673.6,wheat
2017-18,19178.5,3639.5,1322.7,935.4,25076.1,wheat
2018-19,18377.2,3778.9,1336.7,865.3,24358.1,wheat
2019-20,19401.9,3850.0,1130.4,867.2,25249.5,wheat
2020-21,20900.0,4043.17,1361.59,1159.33,27464.08,wheat
2021-22,20032.0,3759.75,1380.92,1220.98,26393.65,wheat
2022-23,21225.0,3940.17,1494.14,1516.23,28175.54,wheat
1947-48,2.5,0.1,0.3,0.1,3.0,garlic
1948-49,3.5,0.1,0.3,0.1,4.0,garlic
1949-50,3.8,0.1,0.9,0.2,5.0,garlic
1950-51,3.4,0.1,0.4,0.1,4.0,garlic
1951-52,4.5,0.1,1.2,0.2,6.0,garlic
1952-53,4.7,0.1,1.1,0.1,6.0,garlic
1953-54,3.8,0.2,0.9,0.1,5.0,garlic
1954-55,4.6,0.2,1.1,0.1,6.0,garlic
1955-56,4.7,0.2,1.0,0.1,6.0,garlic
1956-57,4.7,0.4,0.8,0.1,6.0,garlic
1957-58,5.5,0.9,1.5,0.1,8.0,garlic
1958-59,12.3,0.3,0.8,0.1,13.5,garlic
1959-60,3.9,0.4,1.6,0.1,6.0,garlic
1960-61,4.3,0.8,1.8,0.1,7.0,garlic
1961-62,2.7,0.4,1.8,0.1,5.0,garlic
1962-63,3.2,0.8,1.8,0.2,6.0,garlic
1963-64,5.0,0.8,2.0,0.2,8.0,garlic
1964-65,6.3,1.4,3.0,0.3,11.0,garlic
1965-66,4.8,1.0,3.1,0.1,9.0,garlic
1966-67,9.2,3.0,6.7,0.1,19.0,garlic
1967-68,8.2,3.4,9.2,0.2,21.0,garlic
1968-69,9.7,4.1,8.1,0.1,22.0,garlic
1969-70,10.4,1.4,7.0,0.0,18.8,garlic
1970-71,10.8,1.9,4.9,0.0,17.6,garlic
1971-72,11.7,3.7,10.6,0.0,26.0,garlic
1972-73,10.1,1.5,12.6,0.0,24.2,garlic
1973-74,10.2,1.8,11.7,0.0,23.7,garlic
1974-75,9.9,1.4,13.0,0.2,24.5,garlic
1975-76,9.8,1.7,4.9,0.3,16.7,garlic
1976-77,9.9,2.3,5.3,0.5,18.0,garlic
1977-78,11.5,10.0,10.0,0.5,32.0,garlic
1978-79,13.4,13.9,10.7,0.4,38.4,garlic
1979-80,12.2,13.9,12.2,0.5,38.8,garlic
1980-81,10.0,14.8,11.6,0.5,36.9,garlic
1981-82,12.4,15.1,13.5,0.5,41.5,garlic
1982-83,17.8,15.5,17.3,0.7,51.3,garlic
1983-84,18.6,15.5,16.5,0.8,51.4,garlic
1984-85,19.6,15.1,17.5,0.8,53.0,garlic
1985-86,20.3,15.1,17.9,1.1,54.4,garlic
1986-87,19.3,14.8,21.8,1.2,57.1,garlic
1987-88,19.5,15.3,24.8,1.1,60.7,garlic
1988-89,21.6,14.7,23.6,0.9,60.8,garlic
1989-90,16.5,13.9,16.8,1.1,48.3,garlic
1990-91,18.5,13.9,20.0,1.0,53.4,garlic
1991-92,21.5,14.3,25.5,1.3,62.6,garlic
1992-93,21.9,14.4,28.5,1.4,66.2,garlic
1993-94,22.8,14.9,27.2,1.5,66.4,garlic
1994-95,25.2,15.0,34.0,2.7,76.9,garlic
1995-96,26.8,17.0,35.8,2.9,82.5,garlic
1996-97,27.8,17.3,27.6,3.4,76.1,garlic
1997-98,28.9,17.4,29.6,3.9,79.8,garlic
1998-99,30.0,17.5,30.9,4.3,82.7,garlic
1999-2000,31.5,14.6,26.9,3.2,76.2,garlic
2000-01,22.2,12.0,25.4,4.3,63.9,garlic
2001-02,21.1,7.3,24.9,3.2,56.5,garlic
2002-03,22.4,8.2,24.6,2.5,57.7,garlic
2003-04,22.9,9.7,22.3,1.6,56.5,garlic
2004-05,22.7,8.2,22.8,2.2,55.9,garlic
2005-06,22.9,10.4,21.6,2.4,57.3,garlic
2006.07,24.1,13.0,23.5,1.7,62.3,garlic
2007-08,23.4,14.3,24.7,1.4,63.8,garlic
2008-09,24.9,14.3,22.0,6.0,67.2,garlic
2009-10,22.3,7.5,21.2,6.3,57.3,garlic
2010-11,24.3,4.6,19.5,6.9,55.3,garlic
2011-12,25.1,4.5,20.6,7.1,57.3,garlic
2012-13,25.6,6.1,21.9,7.0,60.6,garlic
2013-14,25.6,6.5,24.9,7.5,64.5,garlic
2014-15,25.1,6.3,34.2,7.5,73.1,garlic
2015-16,24.1,6.8,32.2,7.8,70.9,garlic
2016-17,25.2,6.8,32.4,8.6,73.0,garlic
2017-18,27.4,0.1,37.8,9.2,74.5,garlic
2018-19,25.9,4.1,36.92,9.74,76.65,garlic
2019-20,38.2,4.2,36.0,7.3,85.7,garlic
2020-21,72.83,3.94,39.49,11.2,127.46,garlic
2021-22,66.0,3.94,39.49,11.79,121.22,garlic
1957-58,1.0,1.0,0.0,0.0,2.0,banana
1958-59,1.0,1.0,0.0,0.0,2.0,banana
1959-60,1.0,1.0,0.0,0.0,2.0,banana
1960-61,1.0,1.0,1.0,0.0,3.0,banana
1961-62,2.0,20.0,1.0,0.0,23.0,banana
1962-63,1.0,8.0,1.0,0.0,10.0,banana
1963-64,1.0,33.0,3.0,0.0,37.0,banana
1964-65,1.0,39.0,1.0,0.0,41.0,banana
1965-66,2.0,46.0,1.0,1.0,50.0,banana
1966-67,1.0,43.0,1.0,0.0,45.0,banana
1967-68,1.0,48.0,1.0,0.0,50.0,banana
1968-69,1.0,48.0,1.0,1.0,51.0,banana
1969-70,1.0,49.0,1.0,0.0,51.0,banana
1970-71,1.2,74.3,12.9,0.2,88.6,banana
1971-72,1.3,73.9,12.8,0.3,88.3,banana
1972-73,4.3,88.8,10.6,0.3,104.0,banana
1973-74,4.2,97.4,3.4,0.3,105.3,banana
1974-75,3.2,104.3,8.9,0.3,116.7,banana
1975-76,3.9,114.4,7.6,0.5,126.4,banana
1976-77,2.8,103.6,9.7,0.5,116.6,banana
1977-78,10.8,104.9,7.1,0.6,123.4,banana
1978-79,11.0,111.4,7.5,0.6,130.5,banana
1979-80,4.7,114.2,5.7,0.7,125.3,banana
1980-81,5.8,117.5,6.8,0.7,130.8,banana
1981-82,9.8,114.4,6.7,0.6,131.5,banana
1982-83,9.5,112.0,11.8,1.1,134.4,banana
1983-84,10.2,112.9,10.7,1.0,134.8,banana
1984-85,10.7,114.4,10.8,0.8,136.7,banana
1985-86,11.4,118.2,9.6,0.7,139.9,banana
1986-87,10.6,181.7,9.0,0.9,202.2,banana
1987-88,11.0,185.0,8.8,0.9,205.7,banana
1988-89,12.0,182.9,9.3,1.0,205.2,banana
1989-90,12.6,186.7,9.3,1.2,209.8,banana
1990-91,12.1,179.2,9.3,1.2,201.8,banana
1991-92,14.6,19.3,9.0,1.3,44.2,banana
1992-93,15.0,23.2,12.5,1.3,52.0,banana
1993-94,15.4,23.8,12.6,1.4,53.2,banana
1994-95,15.7,49.6,12.7,1.5,79.5,banana
1995-96,16.1,51.5,12.4,1.7,81.7,banana
1996-97,16.6,52.5,12.4,1.7,83.2,banana
1997-98,17.0,62.3,12.5,1.8,93.6,banana
1998-99,16.4,63.6,12.4,2.2,94.6,banana
1999-2000,16.7,89.0,12.4,7.1,125.2,banana
2000-01,17.4,101.7,12.2,8.1,139.4,banana
2001-02,15.8,113.5,12.3,8.1,149.7,banana
2002-03,14.7,112.9,12.2,3.1,142.9,banana
2003-04,12.9,125.7,13.1,2.3,154.0,banana
2004-05,12.4,129.6,13.1,2.9,158.0,banana
2005-06,11.4,134.8,13.7,3.6,163.5,banana
2006-07,10.4,126.3,13.6,0.2,150.5,banana
2007-08,9.9,127.0,13.8,7.3,158.0,banana
2008-09,9.5,128.9,13.2,5.7,157.3,banana
2009-10,9.4,127.4,13.2,4.8,154.8,banana
2010-11,10.3,113.4,12.6,4.9,141.2,banana
2011-12,6.2,76.0,13.0,3.0,98.2,banana
2012-13,4.3,121.2,13.1,2.7,141.3,banana
2013-14,3.8,100.8,13.1,2.7,120.4,banana
2014-15,1.7,102.0,13.1,2.0,118.8,banana
2015-16,1.39,112.39,10.49,7.91,132.17,banana
2016-17,1.02,111.67,10.55,11.65,134.9,banana
2017-18,0.9,109.5,13.0,11.65,135.05,banana
2018-19,0.68,110.5,10.23,11.66,133.08,banana
2019-20,0.4,122.9,10.2,15.4,148.9,banana
2020-21,0.12,123.26,1.89,16.6,141.87,banana
2021-22,0.08,189.95,0.42,24.15,214.61,banana
1957-58,0.00,0.0,0.1,9.1,9.2,grapes
1958-59,0.00,0.0,0.1,10.5,10.6,grapes
1959-60,0.00,0.0,0.0,0.0,0.0,grapes
1960-61,0.20,0.0,0.1,2.0,2.3,grapes
1961-62,0.30,0.0,0.2,23.7,24.2,grapes
1962-63,0.10,0.0,0.3,12.2,12.6,grapes
1963-64,0.10,0.0,0.2,19.6,19.9,grapes
1964-65,0.10,0.0,0.2,16.4,16.7,grapes
1965-66,0.10,0.0,0.3,19.4,19.8,grapes
1966-67,0.10,0.0,0.1,20.4,20.6,grapes
1967-68,0.10,0.0,0.3,21.7,22.1,grapes
1968-69,0.10,0.0,0.3,21.9,22.3,grapes
1969-70,-,0.0,0.4,23.3,23.7,grapes
1970-71,0.00,0.0,0.4,23.7,24.1,grapes
1971-72,0.00,0.0,0.4,24.7,25.1,grapes
1972-73,0.00,0.0,0.7,21.4,22.1,grapes
1973-74,0.00,0.0,0.8,27.3,28.1,grapes
1974-75,0.10,0.0,0.8,27.4,28.3,grapes
1975-76,0.30,0.0,0.3,28.2,28.8,grapes
1976-77,0.00,0.0,0.2,28.3,28.5,grapes
1977-78,0.10,0.0,0.3,28.9,29.3,grapes
1978-79,0.10,0.0,0.2,28.4,28.7,grapes
1979-80,0.50,0.0,0.2,28.5,29.2,grapes
1980-81,0.50,0.0,0.0,25.7,26.2,grapes
1981-82,0.30,0.0,0.0,25.9,26.2,grapes
1982-83,0.30,0.0,0.1,25.7,26.1,grapes
1983-84,0.10,0.0,0.1,26.2,26.4,grapes
1984-85,0.20,0.0,0.1,26.6,26.9,grapes
1985-86,0.20,0.0,0.1,28.3,28.6,grapes
1986-87,0.10,0.0,0.1,29.3,29.5,grapes
1987-88,0.00,0.0,0.2,30.3,30.5,grapes
1988-89,0.00,0.0,0.3,31.0,31.3,grapes
1989-90,0.00,0.0,0.9,31.7,32.6,grapes
1990-91,0.00,0.0,1.0,31.8,32.8,grapes
1991-92,0.00,0.0,1.2,34.3,35.5,grapes
1992-93,0.00,0.0,1.3,36.3,37.6,grapes
1993-94,0.00,0.0,1.3,39.0,40.3,grapes
1994-95,0.00,0.0,1.4,41.5,42.9,grapes
1995-96,0.00,0.0,1.3,70.7,72.0,grapes
1996-97,0.00,0.0,1.3,72.8,74.1,grapes
1997-98,0.00,0.0,1.3,73.0,74.3,grapes
1998-99,0.00,0.0,2.0,73.8,75.8,grapes
1999-2000,0.00,0.0,2.1,38.2,40.3,grapes
2000-01,0.00,0.0,2.3,48.8,51.1,grapes
2001-02,0.00,0.0,2.3,50.3,52.6,grapes
2002-03,0.00,0.0,2.3,49.5,51.8,grapes
2003-04,0.00,0.0,2.4,48.4,50.8,grapes
2004-05,0.00,0.0,1.4,47.7,49.1,grapes
2005-06,0.00,0.0,1.3,47.5,48.8,grapes
2006-07,0.00,0.0,1.3,45.2,46.5,grapes
2007-08,0.00,0.0,1.3,74.0,75.3,grapes
2008-09,0.00,0.0,1.3,74.8,76.1,grapes
2009-10,0.00,0.0,1.4,63.3,64.7,grapes
2010-11,0.00,0.0,1.2,63.2,64.4,grapes
2011-12,0.00,0.0,1.2,63.2,64.4,grapes
2012-13,0.00,0.0,1.1,63.3,64.4,grapes
2013-14,0.00,0.0,1.0,65.2,66.2,grapes
2014-15,0.00,0.0,1.0,65.0,66.0,grapes
2015-16,0.00,0.1,0.6,65.2,65.9,grapes
2016-17,0.00,0.1,0.8,65.4,66.3,grapes
2017-18,0.00,0.1,0.7,66.22,67.02,grapes
2018-19,0.00,0.0,0.85,67.62,68.47,grapes
2019-20,0.00,0.0,0.9,78.9,79.8,grapes
2020-21,0.00,0.0,1.14,88.34,89.48,grapes
2021-22,0.00,0.0,1.17,106.38,107.54,grapes
1957-58,3.0,0.10,0.1,5.8,9.0,pomegranate
1958-59,12.9,0.10,2.8,8.5,24.3,pomegranate
1959-60,5.8,0.10,0.3,4.3,10.5,pomegranate
1960-61,6.0,0.10,0.2,2.7,9.0,pomegranate
1961-62,6.2,2.00,0.6,10.0,18.8,pomegranate
1962-63,8.5,0.30,0.5,5.0,14.3,pomegranate
1963-64,8.7,0.30,0.5,9.6,19.1,pomegranate
1964-65,14.5,3.30,0.5,11.8,30.1,pomegranate
1965-66,5.4,3.30,0.5,13.0,22.2,pomegranate
1966-67,5.7,2.60,0.7,13.0,22.0,pomegranate
1967-68,4.4,1.70,0.5,13.4,20.0,pomegranate
1968-69,4.2,1.80,0.5,13.5,20.0,pomegranate
1969-70,0.0,0.00,0.5,22.5,23.0,pomegranate
1970-71,3.6,0.40,0.5,22.8,27.3,pomegranate
1971-72,3.3,0.40,0.0,22.9,26.6,pomegranate
1972-73,4.2,0.10,0.6,14.5,19.4,pomegranate
1973-74,3.8,0.00,0.6,22.2,26.6,pomegranate
1974-75,5.7,0.00,0.5,22.3,28.5,pomegranate
1975-76,3.4,0.00,0.5,22.1,26.0,pomegranate
1976-77,5.4,0.00,0.5,22.6,28.5,pomegranate
1977-78,5.8,0.00,0.5,22.0,28.3,pomegranate
1978-79,4.5,0.00,0.6,21.7,26.8,pomegranate
1979-80,8.2,0.00,0.6,22.1,30.9,pomegranate
1980-81,8.6,0.00,0.7,22.0,31.3,pomegranate
1981-82,6.6,0.00,0.7,22.0,29.3,pomegranate
1982-83,7.7,0.00,0.8,22.9,31.4,pomegranate
1983-84,9.6,0.00,0.9,19.3,29.8,pomegranate
1984-85,11.0,0.00,1.0,19.6,31.6,pomegranate
1985-86,11.2,0.00,1.1,20.0,32.3,pomegranate
1986-87,13.0,0.00,1.8,20.8,35.6,pomegranate
1987-88,11.8,0.00,1.1,23.3,36.2,pomegranate
1988-89,12.0,0.00,1.2,24.5,37.7,pomegranate
1989-90,11.6,0.00,1.6,27.6,40.8,pomegranate
1990-91,11.5,0.00,1.7,29.1,42.3,pomegranate
1991-92,14.2,0.00,1.9,42.4,58.5,pomegranate
1992-93,13.9,0.00,2.0,48.4,64.3,pomegranate
1993-94,14.0,0.00,2.0,66.3,82.3,pomegranate
1994-95,14.4,0.00,2.1,80.5,97.0,pomegranate
1995-96,14.8,0.00,1.8,83.7,100.3,pomegranate
1996-97,15.0,0.00,2.2,86.7,103.9,pomegranate
1997-98,15.1,0.00,2.2,86.9,104.2,pomegranate
1998-99,15.6,0.00,2.7,87.8,106.1,pomegranate
1999-2000,16.0,0.00,2.7,50.3,69.0,pomegranate
2000-01,16.7,0.00,2.8,28.5,48.0,pomegranate
2001-02,16.2,0.00,2.8,34.8,53.8,pomegranate
2002-03,16.8,0.00,4.3,68.9,90.0,pomegranate
2003-04,16.6,0.00,2.9,36.1,55.6,pomegranate
2004-05,16.7,0.00,1.6,31.6,49.9,pomegranate
2005-06,16.7,0.00,1.8,31.6,50.1,pomegranate
2006-07,16.5,0.00,1.8,29.8,48.1,pomegranate
2007-08,15.7,0.00,1.4,39.5,56.6,pomegranate
2008-09,15.7,0.00,1.8,43.6,61.1,pomegranate
2009-10,15.4,0.00,1.8,35.2,52.4,pomegranate
2010-11,13.3,0.00,1.7,35.0,50.0,pomegranate
2011-12,11.9,0.00,1.7,35.1,48.7,pomegranate
2012-13,11.0,0.00,2.4,32.4,45.8,pomegranate
2013-14,10.2,0.00,2.6,32.4,45.2,pomegranate
2014-15,10.0,0.00,2.7,30.2,42.9,pomegranate
2015-16,9.4,0.00,2.1,29.1,40.6,pomegranate
2016-17,8.9,0.00,2.0,26.9,37.8,pomegranate
2017-18,8.3,0.00,2.1,26.9,37.3,pomegranate
2018-19,8.2,0.00,2.3,27.11,37.61,pomegranate
2019-20,8.2,-,2.3,36.4,46.9,pomegranate
2020-21,6.24,0.00,2.35,44.78,53.37,pomegranate
2021-22,6.74,0.00,2.41,50.86,60.0,pomegranate
1957-58,15.1,1.1,2.7,0.0,18.9,guava
1958-59,45.8,3.3,10.2,0.0,59.3,guava
1959-60,29.0,4.6,1.8,0.0,35.4,guava
1960-61,30.5,5.4,1.9,0.0,37.8,guava
1961-62,32.3,21.4,2.0,0.0,55.7,guava
1962-63,85.4,23.8,5.7,0.0,114.9,guava
1963-64,100.7,15.7,5.7,0.2,122.3,guava
1964-65,67.2,7.9,5.8,0.0,80.9,guava
1965-66,55.3,8.3,4.6,0.0,68.2,guava
1966-67,65.7,16.7,4.6,0.1,87.1,guava
1967-68,67.6,12.1,4.9,0.2,84.8,guava
1968-69,59.4,11.8,4.2,0.2,75.6,guava
1969-70,0.0,0.0,9.8,0.7,10.5,guava
1970-71,51.8,25.7,10.1,0.7,88.3,guava
1971-72,52.2,11.7,10.2,0.7,74.8,guava
1972-73,80.2,21.3,15.3,0.8,117.6,guava
1973-74,74.8,18.5,11.1,0.8,105.2,guava
1974-75,86.2,14.5,10.6,0.8,112.1,guava
1975-76,81.4,42.8,11.0,0.9,136.1,guava
1976-77,79.8,8.1,11.3,1.0,100.2,guava
1977-78,85.3,23.3,14.4,1.1,124.1,guava
1978-79,96.9,11.0,15.1,1.1,124.1,guava
1979-80,90.3,12.1,13.4,1.1,116.9,guava
1980-81,95.4,12.2,14.9,1.1,123.6,guava
1981-82,167.9,12.6,15.9,1.1,197.5,guava
1982-83,215.6,16.5,19.2,1.2,252.5,guava
1983-84,237.6,16.6,19.9,1.4,275.5,guava
1984-85,249.7,16.7,20.1,1.5,288.0,guava
1985-86,274.6,16.3,20.2,1.6,312.7,guava
1986-87,272.4,16.3,21.3,1.6,311.6,guava
1987-88,295.1,16.4,22.1,1.7,335.3,guava
1988-89,298.9,16.5,23.1,1.8,340.3,guava
1989-90,203.7,16.5,25.2,1.9,247.3,guava
1990-91,309.9,17.1,26.3,2.0,355.3,guava
1991-92,323.4,20.5,26.4,2.8,373.1,guava
1992-93,333.0,20.7,27.0,3.3,384.0,guava
1993-94,350.0,20.6,27.7,4.0,402.3,guava
1994-95,366.9,20.7,28.1,4.6,420.3,guava
1995-96,386.6,20.8,29.5,4.7,441.6,guava
1996-97,389.3,23.5,30.2,4.7,447.7,guava
1997-98,395.4,24.2,30.7,4.6,454.9,guava
1998-99,405.7,26.6,30.5,5.5,468.3,guava
1999-2000,421.3,38.6,30.8,3.8,494.5,guava
2000-01,438.4,47.3,32.3,7.5,525.5,guava
2001-02,444.5,53.7,32.7,7.6,538.5,guava
2002-03,437.1,57.3,33.4,3.8,531.6,guava
2003-04,454.1,58.0,34.9,2.6,549.6,guava
2004-05,468.8,59.3,41.1,2.6,571.8,guava
2005-06,446.0,60.2,43.2,2.8,552.2,guava
2006-07,445.5,64.2,43.0,2.6,555.3,guava
2007-08,422.3,69.7,43.1,3.8,538.9,guava
2008-09,395.5,70.5,42.6,3.7,512.3,guava
2009-10,390.9,70.9,44.3,3.1,509.2,guava
2010-11,420.1,75.4,48.3,2.8,546.6,guava
2011-12,377.6,71.9,42.9,2.8,495.2,guava
2012-13,377.5,74.6,43.2,2.7,498.0,guava
2013-14,379.4,72.3,45.9,2.7,500.3,guava
2014-15,373.0,67.1,46.0,3.0,489.1,guava
2015-16,414.7,63.6,41.8,2.6,522.7,guava
2016-17,435.91,67.21,42.04,2.49,547.65,guava
2017-18,491.7,51.6,40.3,2.5,586.1,guava
2018-19,447.89,51.45,26.81,2.7,528.85,guava
2019-20,606.0,51.7,45.4,2.7,705.8,guava
2020-21,868.64,55.21,36.59,2.78,963.21,guava
2021-22,842.29,,,,842.29,guava
1947-48,103.0,52.0,6.0,11.0,172.0,rapseed
1948-49,110.0,54.0,9.0,12.0,185.0,rapseed
1949-50,74.0,49.0,5.0,14.0,142.0,rapseed
1950-51,92.0,81.0,9.0,14.0,196.0,rapseed
1951-52,105.0,74.0,6.0,12.0,197.0,rapseed
1952-53,70.0,37.0,6.0,12.0,125.0,rapseed
1953-54,105.0,45.0,7.0,6.0,163.0,rapseed
1954-55,131.0,63.0,5.0,17.0,216.0,rapseed
1955-56,123.0,70.0,11.0,16.0,220.0,rapseed
1956-57,115.0,85.0,11.0,11.0,222.0,rapseed
1957-58,128.0,82.0,10.0,9.0,229.0,rapseed
1958-59,159.0,78.0,23.0,8.0,268.0,rapseed
1959-60,123.0,86.0,13.0,13.0,235.0,rapseed
1960-61,109.0,83.0,10.0,9.0,211.0,rapseed
1961-62,100.0,92.0,8.0,2.0,202.0,rapseed
1962-63,121.0,112.0,14.0,6.0,253.0,rapseed
1963-64,88.0,104.0,10.0,6.0,208.0,rapseed
1964-65,93.0,93.0,18.0,8.0,212.0,rapseed
1965-66,76.0,78.0,17.0,8.0,179.0,rapseed
1966-67,90.0,83.0,18.0,9.0,200.0,rapseed
1967-68,142.0,94.0,22.0,12.0,270.0,rapseed
1968-69,107.0,95.0,15.0,8.0,225.0,rapseed
1969-70,124.0,89.0,25.0,13.0,251.0,rapseed
1970-71,143.3,84.3,29.5,12.2,269.3,rapseed
1971-72,177.1,86.7,31.2,6.2,301.2,rapseed
1972-73,160.7,81.4,37.9,6.8,286.8,rapseed
1973-74,169.3,77.1,39.3,6.7,292.4,rapseed
1974-75,147.8,64.7,28.5,7.0,248.0,rapseed
1975-76,173.6,63.4,26.9,3.4,267.3,rapseed
1976-77,175.4,75.1,34.5,11.4,296.4,rapseed
1977-78,144.5,57.0,28.0,6.6,236.1,rapseed
1978-79,139.1,70.0,26.9,12.2,248.2,rapseed
1979-80,152.1,65.2,20.5,9.3,247.1,rapseed
1980-81,157.3,63.8,21.1,10.3,252.5,rapseed
1981-82,145.7,61.2,22.5,9.4,238.8,rapseed
1982-83,153.7,60.4,21.2,10.7,246.0,rapseed
1983-84,127.8,57.6,18.2,13.4,217.0,rapseed
1984-85,149.3,49.7,21.9,13.9,234.8,rapseed
1985-86,171.7,48.0,16.1,14.1,249.9,rapseed
1986-87,135.0,48.1,17.8,12.3,213.2,rapseed
1987-88,132.2,46.3,12.7,13.0,204.2,rapseed
1988-89,162.1,46.6,17.7,22.6,249.0,rapseed
1989-90,146.6,44.2,18.8,23.5,233.1,rapseed
1990-91,143.2,44.4,20.5,20.2,228.3,rapseed
1991-92,137.7,44.0,16.5,21.5,219.7,rapseed
1992-93,118.2,44.8,17.6,26.3,206.9,rapseed
1993-94,110.5,46.1,14.4,26.4,197.4,rapseed
1994-95,134.8,51.1,16.5,27.0,229.4,rapseed
1995-96,148.6,59.1,16.6,30.2,254.5,rapseed
1996-97,173.5,73.6,14.1,24.4,285.6,rapseed
1997-98,176.0,73.9,16.4,25.2,291.5,rapseed
1998-99,171.0,73.6,12.8,22.0,279.4,rapseed
1999-2000,176.8,82.2,10.5,20.0,289.5,rapseed
2000-01,127.6,59.3,13.6,27.6,228.1,rapseed
2001-02,130.5,58.8,8.5,23.5,221.3,rapseed
2002-03,146.1,57.6,8.9,22.4,235.0,rapseed
2003-04,151.3,57.3,9.0,20.6,238.2,rapseed
2004-05,142.5,47.6,10.2,15.5,215.8,rapseed
2005-06,108.6,44.7,8.6,18.9,180.8,rapseed
2006-07,120.2,70.1,9.4,21.3,221.0,rapseed
2007-08,103.3,53.0,8.1,20.7,185.1,rapseed
2008-09,120.5,51.1,7.4,19.9,198.9,rapseed
2009-10,96.3,46.5,7.3,12.1,162.2,rapseed
2010-11,124.5,50.2,7.9,12.4,195.0,rapseed
2011-12,109.8,49.3,7.3,12.5,178.9,rapseed
2012-13,148.2,52.6,8.5,11.0,220.3,rapseed
2013-14,157.1,55.0,6.9,11.7,230.7,rapseed
2014-15,145.9,52.0,6.7,11.2,215.8,rapseed
2015-16,126.8,52.7,5.7,8.8,194.0,rapseed
2016-17,110.7,53.4,5.7,10.6,180.4,rapseed
2017-18,144.0,51.2,5.6,8.5,209.3,rapseed
2018-19,274.9,46.0,4.9,6.4,332.2,rapseed
2019-20,495.0,48.0,6.2,11.7,560.9,rapseed
2020-21,267.26,52.66,7.01,15.95,342.88,rapseed
2021-22,378.9,52.66,7.01,15.95,454.52,rapseed
1957-58,0.1,0.0,0.1,0.5,0.7,peach
1958-59,1.1,0.0,1.4,1.1,3.6,peach
1959-60,0.9,0.0,1.8,0.2,2.9,peach
1960-61,2.3,0.0,1.9,0.3,4.5,peach
1961-62,2.5,0.0,2.6,1.9,7.0,peach
1962-63,0.8,0.0,3.2,0.7,4.7,peach
1963-64,1.1,0.0,2.6,2.3,6.0,peach
1964-65,3.2,0.0,4.8,3.1,11.1,peach
1965-66,2.4,0.0,10.3,4.0,16.7,peach
1966-67,1.8,0.0,2.9,4.2,8.9,peach
1967-68,2.0,0.0,1.9,4.0,7.9,peach
1968-69,2.4,0.0,1.6,4.1,8.1,peach
1969-70,0.0,0.0,1.6,4.9,6.5,peach
1970-71,0.8,0.0,2.2,5.1,8.1,peach
1971-72,1.1,0.0,2.2,5.4,8.7,peach
1972-73,1.6,0.0,2.0,5.1,8.7,peach
1973-74,1.6,0.0,2.5,6.0,10.1,peach
1974-75,1.4,0.0,1.5,5.5,8.4,peach
1975-76,2.1,0.0,1.5,6.2,9.8,peach
1976-77,0.7,0.0,1.6,6.6,8.9,peach
1977-78,1.9,0.0,1.7,6.7,10.3,peach
1978-79,2.2,0.0,1.7,7.0,10.9,peach
1979-80,0.6,0.0,1.9,7.3,9.8,peach
1980-81,0.6,0.0,2.0,7.5,10.1,peach
1981-82,0.4,0.0,2.1,7.8,10.3,peach
1982-83,0.7,0.0,2.1,8.4,11.2,peach
1983-84,0.3,0.0,2.2,8.8,11.3,peach
1984-85,0.3,0.0,2.2,9.2,11.7,peach
1985-86,0.3,0.0,2.2,9.6,12.1,peach
1986-87,0.3,0.0,2.2,10.4,12.9,peach
1987-88,0.4,0.0,3.3,11.5,15.2,peach
1988-89,0.6,0.0,3.7,13.6,17.9,peach
1989-90,0.7,0.0,5.3,15.5,21.5,peach
1990-91,0.4,0.0,6.0,15.4,21.8,peach
1991-92,1.1,0.0,8.6,20.2,29.9,peach
1992-93,0.8,0.0,9.4,23.3,33.5,peach
1993-94,0.8,0.0,10.1,25.9,36.8,peach
1994-95,0.9,0.0,10.1,29.2,40.2,peach
1995-96,1.0,0.0,11.2,32.6,44.8,peach
1996-97,1.1,0.0,11.5,33.2,45.8,peach
1997-98,1.1,0.0,12.0,33.4,46.5,peach
1998-99,1.2,0.0,13.3,33.8,48.3,peach
1999-2000,1.2,0.0,14.5,17.3,33.0,peach
2000-01,1.2,0.0,14.8,16.9,32.9,peach
2001-02,1.2,0.0,20.9,15.4,37.5,peach
2002-03,1.1,0.0,60.2,15.0,76.3,peach
2003-04,0.9,0.0,56.8,18.5,76.2,peach
2004-05,0.5,0.0,50.9,18.2,69.6,peach
2005-06,0.5,0.0,51.6,18.2,70.3,peach
2006-07,0.4,0.0,53.1,17.7,71.2,peach
2007-08,0.4,0.0,56.7,25.3,82.4,peach
2008-09,0.5,0.0,57.8,25.4,83.7,peach
2009-10,0.4,0.0,32.3,21.3,54.0,peach
2010-11,0.4,0.0,30.8,21.4,52.6,peach
2011-12,0.2,0.0,33.3,20.8,54.3,peach
2012-13,0.2,0.0,36.1,19.3,55.6,peach
2013-14,0.2,0.0,41.4,19.3,60.9,peach
2014-15,0.2,0.0,48.1,18.1,66.4,peach
2015-16,0.2,0.0,52.0,18.5,70.7,peach
2016-17,0.2,0.0,54.6,16.9,71.7,peach
2017-18,0.2,0.0,56.8,16.9,73.9,peach
2018-19,0.38,0.0,71.58,15.91,87.86,peach
2019-20,0.4,0.0,73.2,37.3,110.9,peach
2020-21,1.89,0.0,69.42,39.46,110.76,peach
2021-22,3.6,0.0,72.42,58.56,134.58,peach
1947-48,6.8,0.2,0.9,0.1,8.0,chillies
1948-49,5.5,0.3,1.1,0.1,7.0,chillies
1949-50,11.3,0.4,1.1,0.2,13.0,chillies
1950-51,19.3,0.5,0.9,0.3,21.0,chillies
1951-52,10.2,0.6,0.9,0.3,12.0,chillies
1952-53,8.1,0.6,1.0,0.3,10.0,chillies
1953-54,11.8,1.0,1.6,0.6,15.0,chillies
1954-55,38.0,1.0,2.5,0.5,42.0,chillies
1955-56,19.0,1.0,3.4,0.6,24.0,chillies
1956-57,18.1,1.0,3.5,0.4,23.0,chillies
1957-58,20.6,1.3,3.6,0.5,26.0,chillies
1958-59,21.7,1.8,2.7,0.3,26.5,chillies
1959-60,20.7,1.2,3.5,0.6,26.0,chillies
1960-61,23.5,1.1,3.7,0.7,29.0,chillies
1961-62,26.5,1.0,3.8,0.7,32.0,chillies
1962-63,19.9,1.0,3.5,0.6,25.0,chillies
1963-64,19.9,1.0,3.5,0.6,25.0,chillies
1964-65,24.8,1.0,3.5,0.7,30.0,chillies
1965-66,17.9,1.6,3.0,0.5,23.0,chillies
1966-67,17.5,1.5,3.0,0.0,22.0,chillies
1967-68,24.0,4.0,3.0,0.0,31.0,chillies
1968-69,24.0,10.0,2.0,1.0,37.0,chillies
1969-70,22.0,14.0,2.0,1.0,39.0,chillies
1970-71,22.0,18.1,1.4,0.7,42.2,chillies
1971-72,26.4,23.8,1.4,0.7,52.3,chillies
1972-73,31.0,22.4,1.1,2.3,56.8,chillies
1973-74,26.3,21.5,1.0,1.5,50.3,chillies
1974-75,23.7,25.9,1.0,1.2,51.8,chillies
1975-76,40.8,36.3,1.3,1.0,79.4,chillies
1976-77,31.3,44.2,1.3,1.3,78.1,chillies
1977-78,33.3,45.6,1.3,1.0,81.2,chillies
1978-79,35.1,61.6,0.7,1.0,98.4,chillies
1979-80,35.4,71.9,0.6,1.1,109.0,chillies
1980-81,30.8,73.0,0.6,1.8,106.2,chillies
1981-82,25.0,72.5,0.5,1.8,99.8,chillies
1982-83,29.6,71.3,0.7,2.2,103.8,chillies
1983-84,34.5,59.4,0.7,2.3,96.9,chillies
1984-85,32.2,60.8,0.7,2.7,96.4,chillies
1985-86,31.8,61.6,0.6,4.8,98.8,chillies
1986-87,24.7,61.8,0.6,5.3,92.4,chillies
1987-88,22.4,55.8,0.3,5.8,84.3,chillies
1988-89,20.1,48.4,0.3,5.6,74.4,chillies
1989-90,28.6,90.8,0.3,5.8,125.5,chillies
1990-91,27.7,67.0,0.3,5.9,100.9,chillies
1991-92,22.2,113.1,0.3,6.7,142.3,chillies
1992-93,20.8,46.9,0.4,7.2,75.3,chillies
1993-94,20.5,114.9,0.4,5.7,141.5,chillies
1994-95,20.8,67.5,0.4,6.2,94.9,chillies
1995-96,22.0,107.0,0.4,6.4,135.8,chillies
1996-97,24.1,110.5,0.4,5.1,140.1,chillies
1997-98,22.0,112.9,0.4,4.9,140.2,chillies
1998-99,16.7,114.5,0.4,5.0,136.6,chillies
1999-00,18.4,93.4,0.4,3.2,115.4,chillies
2000-01,18.6,153.0,0.4,2.6,174.6,chillies
2001-02,13.5,76.6,0.4,2.8,93.3,chillies
2002-03,12.0,84.5,0.4,2.0,98.9,chillies
2003-04,10.8,82.2,0.4,3.0,96.4,chillies
2004-05,8.6,77.7,0.8,3.4,90.5,chillies
2005-06,9.3,108.8,1.0,3.8,122.9,chillies
2006-07,8.0,56.6,0.7,4.2,69.5,chillies
2007-08,8.1,104.2,0.8,3.0,116.1,chillies
2008-09,8.6,172.2,0.7,6.2,187.7,chillies
2009-10,8.9,172.8,0.8,6.3,188.8,chillies
2010-11,8.0,158.2,0.6,5.0,171.8,chillies
2011-12,8.5,37.7,0.5,7.4,54.1,chillies
2012-13,9.6,129.9,0.5,7.2,147.2,chillies
2013-14,9.6,129.6,0.5,6.8,146.5,chillies
2014-15,9.4,123.8,0.5,6.2,139.9,chillies
2015-16,9.1,124.3,0.5,6.1,140.0,chillies
2016-17,10.1,126.2,0.4,6.2,142.9,chillies
2017-18,11.2,130.4,0.4,6.3,148.3,chillies
2018-19,11.7,108.6,0.4,6.3,126.9,chillies
2019-20,12.0,95.3,0.4,6.3,114.0,chillies
2020-21,16.0,81.9,0.4,7.0,105.4,chillies
2021-22,24.9,111.4,0.5,7.3,144.0,chillies
Source: - Agriculture Statistics of Pakistan,,,,,,chillies
1947-48,0.0,0.0,0.0,0.0,0.0,groundnut
1948-49,0.0,0.0,0.0,0.0,0.0,groundnut
1949-50,0.0,1.0,0.0,0.0,1.0,groundnut
1950-51,0.0,0.0,0.0,0.0,0.0,groundnut
1951-52,0.0,0.0,0.0,0.0,0.0,groundnut
1952-53,0.0,1.0,0.0,0.0,1.0,groundnut
1953-54,0.0,1.0,0.0,0.0,1.0,groundnut
1954-55,0.0,1.0,0.0,0.0,1.0,groundnut
1955-56,1.0,1.0,0.0,0.0,2.0,groundnut
1956-57,2.0,1.0,0.0,0.0,3.0,groundnut
1957-58,3.0,1.0,0.0,0.0,4.0,groundnut
1958-59,3.0,1.0,0.0,0.0,4.0,groundnut
1959-60,3.0,1.0,0.0,0.0,4.0,groundnut
1960-61,15.0,1.0,0.0,0.0,16.0,groundnut
1961-62,14.0,1.0,0.0,0.0,15.0,groundnut
1962-63,14.0,0.0,0.0,0.0,14.0,groundnut
1963-64,16.0,0.0,1.0,0.0,17.0,groundnut
1964-65,15.0,1.0,4.0,0.0,20.0,groundnut
1965-66,24.0,1.0,4.0,0.0,29.0,groundnut
1966-67,41.0,1.0,4.0,0.0,46.0,groundnut
1967-68,67.0,3.0,3.0,0.0,73.0,groundnut
1968-69,46.0,3.0,3.0,0.0,52.0,groundnut
1969-70,56.0,2.0,3.0,0.0,61.0,groundnut
1970-71,39.6,3.1,2.0,0.0,44.7,groundnut
1971-72,52.4,2.8,2.0,0.0,57.2,groundnut
1972-73,39.2,3.0,2.0,0.0,44.2,groundnut
1973-74,49.0,3.0,2.1,0.0,54.1,groundnut
1974-75,52.5,2.4,2.2,0.0,57.1,groundnut
1975-76,55.1,2.5,4.0,0.0,61.6,groundnut
1976-77,57.6,2.5,4.0,0.0,64.1,groundnut
1977-78,64.6,2.4,5.4,0.0,72.4,groundnut
1978-79,37.5,2.8,5.2,0.0,45.5,groundnut
1979-80,42.9,2.8,4.6,0.0,50.3,groundnut
1980-81,50.1,2.9,4.4,0.0,57.4,groundnut
1981-82,64.3,2.4,5.5,0.0,72.2,groundnut
1982-83,70.4,5.8,7.9,0.0,84.1,groundnut
1983-84,71.3,5.9,10.8,0.0,88.0,groundnut
1984-85,54.5,5.9,8.7,0.0,69.1,groundnut
1985-86,49.3,5.9,7.9,0.0,63.1,groundnut
1986-87,57.7,6.0,11.3,0.0,75.0,groundnut
1987-88,34.1,6.6,11.4,0.0,52.1,groundnut
1988-89,60.2,6.5,10.9,0.0,77.6,groundnut
1989-90,61.3,6.8,13.6,0.0,81.7,groundnut
1990-91,68.1,7.0,14.3,0.0,89.4,groundnut
1991-92,72.0,8.0,16.1,0.0,96.1,groundnut
1992-93,78.9,5.5,16.7,0.0,101.1,groundnut
1993-94,69.5,6.6,19.8,0.0,95.9,groundnut
1994-95,80.8,6.8,18.1,0.0,105.7,groundnut
1995-96,85.9,6.8,20.1,0.0,112.8,groundnut
1996-97,86.7,6.4,24.3,0.0,117.4,groundnut
1997-98,84.0,6.5,21.9,0.0,112.4,groundnut
1998-99,74.0,6.9,23.1,0.0,104.0,groundnut
1999-2000,72.4,4.2,22.5,0.0,99.1,groundnut
2000-01,67.4,4.1,19.8,0.0,91.3,groundnut
2001-02,80.0,3.7,17.3,0.0,101.0,groundnut
2002-03,71.1,3.4,15.6,0.0,90.1,groundnut
2003-04,94.3,6.5,13.9,0.0,114.7,groundnut
2004-05,58.5,3.2,14.7,0.0,76.4,groundnut
2005-06,49.9,4.6,14.6,0.0,69.1,groundnut
2006-07,57.6,3.0,13.3,0.0,73.9,groundnut
2007-08,67.4,4.5,11.5,0.0,83.4,groundnut
2008-09,69.0,4.7,11.8,0.0,85.5,groundnut
2009-10,38.6,4.8,9.8,0.0,53.2,groundnut
2010-11,51.6,5.0,11.2,0.0,67.8,groundnut
2011-12,77.4,0.1,10.4,0.0,87.9,groundnut
2012-13,71.7,0.1,9.5,0.0,81.3,groundnut
2013-14,90.0,1.2,9.6,0.0,100.8,groundnut
2014-15,76.8,1.2,8.0,0.0,86.0,groundnut
2015-16,80.6,1.2,9.9,0.0,91.7,groundnut
2016-17,63.7,1.2,9.9,0.0,74.8,groundnut
2017-18,78.7,1.2,6.2,0.0,86.1,groundnut
2018-19,90.67,1.2,5.4,0.0,97.27,groundnut
2019-20,86.42,1.2,6.9,0.0,94.52,groundnut
2020-21,114.75,1.23,5.72,0.0,121.69,groundnut
2021-22,137.76,1.23,5.99,0.0,144.98,groundnut
1958-59,0.5,0.0,2.2,4.3,7.0,apricot
1959-60,0.2,0.0,5.7,0.8,6.7,apricot
1960-61,0.3,0.0,5.9,0.0,6.2,apricot
1961-62,0.3,0.0,6.2,6.2,12.7,apricot
1962-63,0.2,0.0,3.6,2.0,5.8,apricot
1963-64,0.2,0.0,3.2,6.1,9.5,apricot
1964-65,0.1,0.0,4.4,6.3,10.8,apricot
1965-66,0.1,0.0,2.4,6.5,9.0,apricot
1966-67,1.1,0.0,3.1,7.2,11.4,apricot
1967-68,1.2,0.0,3.2,7.6,12.0,apricot
1968-69,1.9,0.0,3.2,8.2,13.3,apricot
1969-70,0.0,0.0,5.2,12.4,17.6,apricot
1970-71,0.1,0.0,5.6,13.4,19.1,apricot
1971-72,0.0,0.0,5.7,14.2,19.9,apricot
1972-73,0.0,0.0,6.8,3.2,10.0,apricot
1973-74,0.0,0.0,4.9,17.7,22.6,apricot
1974-75,0.1,0.0,5.9,18.7,24.7,apricot
1975-76,0.3,0.0,6.1,19.3,25.7,apricot
1976-77,0.4,0.0,6.1,21.1,27.6,apricot
1977-78,0.3,0.0,6.6,23.4,30.3,apricot
1978-79,0.3,0.0,6.0,25.0,31.3,apricot
1979-80,0.2,0.0,6.1,27.8,34.1,apricot
1980-81,0.2,0.0,6.4,29.1,35.7,apricot
1981-82,0.3,0.0,6.7,30.1,37.1,apricot
1982-83,0.3,0.0,7.1,36.3,43.7,apricot
1983-84,0.4,0.0,8.1,38.0,46.5,apricot
1984-85,0.4,0.0,12.1,39.7,52.2,apricot
1985-86,0.4,0.0,11.4,42.0,53.8,apricot
1986-87,0.5,0.0,14.2,46.8,61.5,apricot
1987-88,0.5,0.0,14.5,50.8,65.8,apricot
1988-89,0.6,0.0,14.8,56.3,71.7,apricot
1989-90,0.6,0.0,15.1,60.5,76.2,apricot
1990-91,0.4,0.0,15.9,64.7,81.0,apricot
1991-92,0.4,0.0,16.8,91.6,108.8,apricot
1992-93,0.4,0.0,17.4,104.3,122.1,apricot
1993-94,0.4,0.0,18.0,134.2,152.6,apricot
1994-95,0.4,0.0,18.2,159.5,178.1,apricot
1995-96,0.4,0.0,19.0,171.2,190.6,apricot
1996-97,0.5,0.0,19.1,168.5,188.1,apricot
1997-98,0.5,0.0,19.4,169.1,189.0,apricot
1998-99,0.5,0.0,19.7,170.6,190.8,apricot
1999-2000,0.5,0.0,20.0,100.0,120.5,apricot
2000-01,0.5,0.0,20.2,105.2,125.9,apricot
2001-02,0.5,0.0,20.8,103.4,124.7,apricot
2002-03,0.4,0.0,24.4,104.9,129.7,apricot
2003-04,0.3,0.0,22.9,187.7,210.9,apricot
2004-05,0.2,0.0,17.8,187.2,205.2,apricot
2005-06,0.2,0.0,18.3,178.7,197.2,apricot
2006-07,0.2,0.0,18.7,158.3,177.2,apricot
2007-08,0.2,0.0,19.7,220.3,240.2,apricot
2008-09,0.2,0.0,19.1,218.6,237.9,apricot
2009-10,0.2,0.0,15.2,178.5,193.9,apricot
2010-11,0.2,0.0,14.0,175.9,190.1,apricot
2011-12,0.3,0.0,13.6,175.6,189.5,apricot
2012-13,0.3,0.0,14.1,164.1,178.5,apricot
2013-14,0.3,0.0,13.5,163.9,177.7,apricot
2014-15,0.2,0.0,13.0,158.1,171.3,apricot
2015-16,0.3,0.0,10.8,161.9,173.0,apricot
2016-17,0.3,0.0,11.1,154.5,165.9,apricot
2017-18,0.3,0.0,11.2,130.25,141.75,apricot
2018-19,0.27,0.0,11.17,96.55,107.99,apricot
2019-20,0.3,0.0,10.8,83.3,94.4,apricot
2020-21,0.0,0.0,11.24,112.94,124.17,apricot
2021-22,0.0,0.0,11.59,147.43,159.02,apricot
1970-71,0.39,1.89,0.0,2.4,4.68,castorseed
1971-72,0.4,0.21,0.0,0.25,0.85,castorseed
1972-73,0.36,0.08,0.01,0.01,0.47,castorseed
1973-74,0.49,2.12,0.01,0.7,3.31,castorseed
1974-75,0.69,0.4,0.01,0.07,1.16,castorseed
1975-76,0.21,6.9,0.01,1.17,8.29,castorseed
1976-77,0.59,9.65,0.0,0.98,11.22,castorseed
1977-78,0.23,11.71,0.01,0.73,12.68,castorseed
1978-79,0.4,33.51,0.01,1.44,35.35,castorseed
1979-80,0.29,16.33,0.0,1.32,17.94,castorseed
1980-81,0.41,16.37,0.0,1.5,18.28,castorseed
1981-82,0.5,16.48,0.0,0.53,17.52,castorseed
1982-83,0.44,16.52,0.0,8.6,25.55,castorseed
1983-84,0.45,14.07,0.0,9.9,24.42,castorseed
1984-85,0.26,11.32,0.0,10.36,21.94,castorseed
1985-86,0.39,11.0,0.0,10.85,22.24,castorseed
1986-87,0.22,10.3,0.0,0.31,10.82,castorseed
1987-88,0.14,0.09,0.0,0.17,0.41,castorseed
1988-89,0.12,7.86,0.0,0.48,8.46,castorseed
1989-90,0.21,9.44,0.0,0.64,10.29,castorseed
1990-91,0.08,9.72,0.0,0.14,9.94,castorseed
1991-92,0.13,1.72,0.0,0.25,2.09,castorseed
1992-93,0.19,1.98,0.0,3.57,5.74,castorseed
1993-94,0.11,1.27,0.0,0.2,1.58,castorseed
1994-95,0.09,2.21,0.0,5.18,7.47,castorseed
1995-96,0.12,2.22,0.0,6.3,8.64,castorseed
1996-97,0.09,1.61,0.0,3.08,4.77,castorseed
1997-98,0.04,1.84,0.0,3.55,5.42,castorseed
1998-99,0.29,2.74,0.0,3.1,6.13,castorseed
1999-2000,0.12,1.22,0.0,1.56,2.9,castorseed
2000-01,0.06,1.02,0.0,0.05,1.13,castorseed
2001-02,0.14,1.46,0.0,0.05,1.65,castorseed
2002-03,0.16,0.85,0.0,0.08,1.09,castorseed
2003-04,0.23,2.07,0.0,0.2,2.5,castorseed
2004-05,0.11,1.57,0.0,0.4,2.09,castorseed
2005-06,0.08,1.74,0.0,0.27,2.09,castorseed
2006-07,0.06,2.51,0.0,0.29,2.87,castorseed
2007-08,0.1,1.62,0.0,0.5,2.22,castorseed
2008-09,0.07,1.55,0.0,2.41,4.02,castorseed
2009-10,0.05,0.42,0.0,0.33,0.8,castorseed
2010-11,0.04,0.28,0.0,3.06,3.38,castorseed
2011-12,0.04,0.28,0.0,3.82,4.14,castorseed
2012-13,0.02,0.24,0.0,4.1,4.37,castorseed
2013-14,0.02,0.25,0.0,4.38,4.65,castorseed
2014-15,0.02,0.25,0.0,2.32,2.58,castorseed
2015-16,0.02,0.23,0.0,1.6,1.85,castorseed
2016-17,0.01,0.21,0.0,1.6,1.82,castorseed
2017-18,0.01,0.2,0.0,1.4,1.61,castorseed
2018-19,0.0,1.2,0.0,2.59,3.8,castorseed
2019-20,0.0,1.2,0.0,2.59,3.8,castorseed
2020-21,0.0,1.2,0.0,2.59,3.8,castorseed
2021-22,0.0,1.47,0.0,3.07,4.54,castorseed
1947-48,23.5,0.7,0.7,0.1,25.0,mash
1948-49,17.1,0.8,0.9,0.0,18.8,mash
1949-50,16.3,0.6,0.9,0.1,17.9,mash
1950-51,12.2,0.7,0.1,0.0,13.0,mash
1951-52,13.8,1.1,0.2,0.1,15.2,mash
1952-53,13.3,0.6,0.4,0.2,14.5,mash
1953-54,19.2,0.7,0.8,0.1,20.8,mash
1954-55,13.9,0.5,0.7,0.1,15.2,mash
1955-56,14.5,0.3,0.6,0.2,15.6,mash
1956-57,12.2,0.2,0.6,0.3,13.3,mash
1957-58,10.6,0.3,0.9,0.1,11.9,mash
1958-59,14.5,0.4,0.6,0.1,15.6,mash
1959-60,13.5,0.6,0.8,0.1,15.0,mash
1960-61,14.4,0.4,0.7,0.2,15.7,mash
1961-62,13.0,0.7,0.8,0.2,14.7,mash
1962-63,12.6,0.6,1.4,0.0,14.6,mash
1963-64,13.6,1.0,1.2,0.1,15.9,mash
1964-65,15.4,0.2,1.0,0.0,16.6,mash
1965-66,12.5,0.2,1.7,0.2,14.6,mash
1966-67,14.1,0.1,1.2,0.2,15.6,mash
1967-68,19.8,0.5,1.7,0.3,22.3,mash
1968-69,13.4,0.2,1.5,0.2,15.3,mash
1969-70,12.9,0.3,1.3,0.1,14.6,mash
1970-71,17.2,0.6,1.7,0.1,19.6,mash
1971-72,18.0,1.2,1.5,0.0,20.7,mash
1972-73,14.7,1.0,1.6,0.2,17.5,mash
1973-74,18.9,1.3,1.9,0.2,22.3,mash
1974-75,23.7,0.6,1.5,0.2,26.0,mash
1975-76,25.8,1.5,1.7,0.8,29.8,mash
1976-77,20.9,2.0,1.8,0.2,24.9,mash
1977-78,22.6,1.9,2.1,0.6,27.2,mash
1978-79,19.8,0.6,3.5,0.6,24.5,mash
1979-80,28.3,0.7,4.0,0.3,33.3,mash
1980-81,29.1,0.8,3.6,0.4,33.9,mash
1981-82,28.0,0.8,3.6,0.4,32.8,mash
1982-83,30.0,0.9,4.5,0.9,36.3,mash
1983-84,33.0,1.0,4.6,0.8,39.4,mash
1984-85,41.0,1.0,4.5,0.8,47.3,mash
1985-86,42.7,1.0,4.4,0.7,48.8,mash
1986-87,33.2,1.0,3.8,0.8,38.8,mash
1987-88,31.4,0.8,2.1,0.7,35.0,mash
1988-89,28.0,0.7,2.8,0.7,32.2,mash
1989-90,35.3,0.8,2.7,0.6,39.4,mash
1990-91,32.1,0.8,2.8,1.1,36.8,mash
1991-92,32.4,0.7,2.6,1.4,37.1,mash
1992-93,25.7,0.7,2.5,1.4,30.3,mash
1993-94,24.5,0.6,2.5,1.0,28.6,mash
1994-95,22.7,0.8,2.2,1.2,26.9,mash
1995-96,24.6,0.8,1.8,1.2,28.4,mash
1996-97,25.1,0.6,1.7,1.0,28.4,mash
1997-98,22.1,0.8,1.7,1.2,25.8,mash
1998-99,21.2,1.0,1.7,1.2,25.1,mash
1999-2000,20.0,0.8,1.7,1.2,23.7,mash
2000-01,22.0,0.9,1.9,0.9,25.7,mash
2001-02,23.8,1.1,1.9,0.8,27.6,mash
2002-03,25.8,0.7,1.9,0.6,29.0,mash
2003-04,21.3,0.8,1.6,0.9,24.6,mash
2004-05,15.5,0.6,1.1,1.2,18.4,mash
2005-06,13.6,0.8,1.1,1.0,16.5,mash
2006-07,13.2,0.4,1.1,1.2,15.9,mash
2007-08,11.8,0.43,1.2,3.9,17.33,mash
2008-09,8.7,0.3,1.1,3.5,13.6,mash
2009-10,5.9,0.3,1.3,3.2,10.7,mash
2010-11,6.5,0.3,1.3,3.2,11.3,mash
2011-12,6.4,0.1,1.0,3.4,10.9,mash
2012-13,6.1,0.1,1.1,3.6,10.9,mash
2013-14,6.0,0.1,1.1,3.2,10.4,mash
2014-15,5.4,0.1,0.8,2.7,9.0,mash
2015-16,4.9,0.1,0.9,2.6,8.5,mash
2016-17,3.6,0.1,0.7,2.8,7.2,mash
2017-18,3.5,0.1,0.7,2.9,7.2,mash
2018-19,3.24,0.1,0.8,2.8,6.94,mash
2019-20,3.04,0.02,0.8,2.8,6.66,mash
2020-21,1.54,0.01,0.91,4.44,6.9,mash
2021-22,0.57,0.02,0.87,4.66,6.12,mash
1948-49,123.0,8.0,43.0,1.0,175.0,barley
1949-50,90.0,6.0,49.0,1.0,146.0,barley
1950-51,79.0,7.0,42.0,1.0,129.0,barley
1951-52,64.0,4.0,30.0,1.0,99.0,barley
1952-53,52.0,5.0,34.0,1.0,92.0,barley
1953-54,79.0,4.0,42.0,2.0,127.0,barley
1954-55,57.0,2.0,34.0,11.0,104.0,barley
1955-56,61.9,5.2,53.3,5.6,126.0,barley
1956-57,68.0,4.1,34.7,7.2,114.0,barley
1957-58,84.2,6.5,54.8,11.5,157.0,barley
1958-59,72.3,4.0,76.6,5.1,158.0,barley
1959-60,61.0,4.0,70.0,2.0,137.0,barley
1960-61,73.0,4.0,39.0,2.0,118.0,barley
1961-62,68.0,5.0,40.0,1.0,114.0,barley
1962-63,71.4,7.9,40.6,2.1,122.0,barley
1963-64,64.7,6.1,33.9,4.3,109.0,barley
1964-65,70.3,9.9,32.6,3.2,116.0,barley
1965-66,43.6,7.4,29.5,1.5,82.0,barley
1966-67,51.6,7.0,26.8,1.6,87.0,barley
1967-68,64.8,7.8,31.4,2.0,106.0,barley
1968-69,55.6,8.3,28.7,2.4,95.0,barley
1969-70,57.0,8.0,38.0,4.0,107.0,barley
1970-71,46.7,6.1,35.6,3.0,91.4,barley
1971-72,51.8,4.7,42.3,4.1,102.9,barley
1972-73,64.8,6.3,35.0,2.8,108.9,barley
1973-74,75.8,9.4,45.6,8.7,139.5,barley
1974-75,74.0,6.9,52.7,3.5,137.1,barley
1975-76,68.8,8.8,48.3,4.2,130.1,barley
1976-77,64.5,10.1,47.4,1.6,123.6,barley
1977-78,55.4,11.2,51.0,3.0,120.6,barley
1978-79,65.1,10.8,49.7,3.7,129.3,barley
1979-80,59.8,9.7,43.6,5.0,118.1,barley
1980-81,112.5,7.0,52.2,3.8,175.5,barley
1981-82,85.7,9.9,56.9,5.0,157.5,barley
1982-83,90.0,10.9,62.8,21.6,185.3,barley
1983-84,55.0,13.7,62.1,8.7,139.5,barley
1984-85,45.7,13.0,62.2,10.7,131.6,barley
1985-86,49.8,13.0,60.1,10.8,133.7,barley
1986-87,43.9,12.6,64.3,13.4,134.2,barley
1987-88,35.1,12.9,52.0,11.8,111.8,barley
1988-89,39.7,12.9,52.1,17.8,122.5,barley
1989-90,37.4,12.1,59.0,22.8,131.3,barley
1990-91,34.9,12.3,64.8,30.0,142.0,barley
1991-92,31.9,12.3,63.0,32.7,139.9,barley
1992-93,31.1,12.5,63.2,51.5,158.3,barley
1993-94,29.4,10.8,59.3,46.2,145.7,barley
1994-95,34.6,12.2,61.5,55.7,164.0,barley
1995-96,36.3,11.4,62.1,64.6,174.4,barley
1996-97,33.9,11.3,58.6,46.2,150.0,barley
1997-98,41.8,11.4,59.7,61.2,174.1,barley
1998-99,36.9,11.4,49.2,39.9,137.4,barley
1999-2000,39.5,13.0,46.3,18.7,117.5,barley
2000-01,32.8,8.9,32.9,24.3,98.9,barley
2001-02,33.7,6.4,34.7,25.0,99.8,barley
2002-03,38.4,5.8,30.6,24.8,99.6,barley
2003-04,35.8,4.4,32.9,24.5,97.6,barley
2004-05,35.2,3.4,32.7,20.4,91.7,barley
2005-06,32.0,2.9,33.5,19.1,87.5,barley
2006-07,34.6,4.2,32.7,21.2,92.7,barley
2007-08,28.9,4.4,31.9,22.2,87.4,barley
2008-09,30.4,3.6,27.5,20.0,81.5,barley
2009-10,28.2,4.3,26.0,12.9,71.4,barley
2010-11,24.7,6.9,23.7,15.9,71.2,barley
2011-12,20.0,5.4,23.1,17.2,65.7,barley
2012-13,22.5,5.1,22.8,16.8,67.2,barley
2013-14,21.7,5.3,21.9,17.6,66.5,barley
2014-15,20.8,5.0,21.1,15.9,62.8,barley
2015-16,20.1,5.2,20.3,15.0,60.6,barley
2016-17,20.1,4.7,18.5,14.7,58.0,barley
2017-18,19.0,5.0,17.9,14.2,56.1,barley
2018-19,17.7,5.0,17.9,14.3,54.9,barley
2019-20,12.63,3.6,17.4,12.6,46.23,barley
2020-21,3.83,3.64,18.64,15.76,41.86,barley
2021-22,3.83,3.64,18.64,16.08,42.18,barley
1957-58,0.6,0.2,0.2,8.4,9.4,apple
1958-59,2.7,0.1,0.9,12.5,16.2,apple
1959-60,2.0,0.1,0.5,3.2,5.8,apple
1960-61,0.3,0.1,0.5,2.1,3.0,apple
1961-62,2.0,0.2,0.6,8.5,11.3,apple
1962-63,1.3,0.2,3.0,3.4,7.9,apple
1963-64,2.2,0.1,2.9,13.4,18.6,apple
1964-65,1.8,0.1,2.9,7.6,12.4,apple
1965-66,2.1,0.1,3.2,10.4,15.8,apple
1966-67,1.1,0.3,3.7,15.3,20.4,apple
1967-68,1.5,0.3,3.5,15.7,21.0,apple
1968-69,2.3,0.2,3.5,17.3,23.3,apple
1969-70,1.0,0.2,11.3,19.1,31.6,apple
1970-71,1.0,0.4,9.6,22.4,33.4,apple
1971-72,1.3,0.3,9.7,24.9,36.2,apple
1972-73,1.1,0.2,9.3,23.6,34.2,apple
1973-74,2.7,0.3,18.7,29.8,51.5,apple
1974-75,3.9,0.2,22.6,29.6,56.3,apple
1975-76,3.4,0.2,30.7,32.5,66.8,apple
1976-77,2.8,0.2,36.5,35.3,74.8,apple
1977-78,3.1,0.2,42.1,42.3,87.7,apple
1978-79,3.2,0.2,43.7,46.6,93.7,apple
1979-80,3.0,0.2,45.6,50.4,99.2,apple
1980-81,3.2,0.2,48.2,55.8,107.4,apple
1981-82,2.7,0.2,51.6,59.6,114.1,apple
1982-83,4.0,0.2,55.1,69.3,128.6,apple
1983-84,4.0,0.2,50.9,73.0,128.1,apple
1984-85,4.0,0.2,59.0,79.4,142.6,apple
1985-86,7.8,0.2,72.9,85.1,166.0,apple
1986-87,8.0,0.2,95.7,91.7,195.6,apple
1987-88,8.1,0.2,98.4,105.3,212.0,apple
1988-89,8.6,0.2,95.6,110.7,215.1,apple
1989-90,9.1,0.2,98.4,124.7,232.4,apple
1990-91,9.7,0.2,96.6,136.5,243.0,apple
1991-92,2.0,0.2,81.8,211.3,295.3,apple
1992-93,2.0,0.2,83.4,253.4,339.0,apple
1993-94,2.2,0.2,84.0,356.2,442.6,apple
1994-95,2.2,0.2,84.6,446.1,533.1,apple
1995-96,2.3,0.2,85.0,466.0,553.5,apple
1996-97,2.3,0.2,85.7,480.2,568.4,apple
1997-98,2.4,0.2,87.9,482.6,573.1,apple
1998-99,2.6,0.2,99.2,487.3,589.3,apple
1999-2000,2.7,0.2,101.7,272.7,377.3,apple
2000-01,2.8,0.2,117.5,318.4,438.9,apple
2001-02,2.5,0.2,117.4,247.0,367.1,apple
2002-03,3.6,0.1,110.1,201.6,315.4,apple
2003-04,3.6,0.1,106.3,223.8,333.8,apple
2004-05,3.6,0.1,127.9,220.3,351.9,apple
2005-06,3.6,0.1,126.7,220.9,351.3,apple
2006-07,3.6,0.0,125.2,219.5,348.3,apple
2007-08,3.5,0.0,124.5,313.6,441.6,apple
2008-09,3.7,0.0,130.8,306.5,441.0,apple
2009-10,3.4,0.0,112.1,250.9,366.4,apple
2010-11,3.5,0.0,95.6,426.8,525.9,apple
2011-12,3.5,0.0,97.6,497.6,598.7,apple
2012-13,3.6,0.0,91.5,461.3,556.4,apple
2013-14,3.6,0.0,92.3,510.2,606.1,apple
2014-15,3.5,0.0,91.0,522.7,617.2,apple
2015-16,3.5,0.0,89.3,527.6,620.4,apple
2016-17,3.55,0.0,89.98,576.38,669.91,apple
2017-18,3.6,0.0,69.3,491.83,564.73,apple
2018-19,3.59,0.0,57.24,482.82,543.65,apple
2019-20,3.5,0.0,53.9,546.6,604.0,apple
2020-21,0.0,0.0,52.26,619.45,671.72,apple
2021-22,0.0,0.0,46.01,686.28,732.29,apple
1958-59,11.0,2.0,0.0,3.0,16.0,dates
1959-60,19.5,18.1,1.5,3.0,42.1,dates
1960-61,20.0,21.5,1.4,23.8,66.7,dates
1961-62,20.1,24.7,1.5,26.1,72.4,dates
1962-63,4.4,37.7,0.2,0.0,42.3,dates
1963-64,13.2,21.8,1.0,15.9,51.9,dates
1964-65,13.6,46.1,1.0,70.8,131.5,dates
1965-66,38.5,46.1,0.9,70.9,156.4,dates
1966-67,14.2,46.0,8.0,71.2,139.4,dates
1967-68,15.8,48.9,8.0,70.8,143.5,dates
1968-69,17.9,49.4,8.6,72.5,148.4,dates
1969-70,0.0,0.0,1.3,72.9,74.2,dates
1970-71,30.3,51.5,1.4,74.1,157.3,dates
1971-72,47.0,59.6,1.4,75.1,183.1,dates
1972-73,31.6,62.9,2.3,57.0,153.8,dates
1973-74,29.8,67.4,4.1,76.9,178.2,dates
1974-75,27.8,49.5,4.1,77.4,158.8,dates
1975-76,35.3,50.1,4.3,78.6,168.3,dates
1976-77,51.1,67.8,4.4,78.7,202.0,dates
1977-78,43.4,67.2,4.0,83.3,197.9,dates
1978-79,41.5,68.0,4.7,83.6,197.8,dates
1979-80,40.9,68.2,5.0,84.3,198.4,dates
1980-81,41.4,68.7,5.0,79.0,194.1,dates
1981-82,61.2,68.2,6.0,79.1,214.5,dates
1982-83,65.5,68.6,6.6,83.0,223.7,dates
1983-84,72.9,66.1,7.4,84.3,230.7,dates
1984-85,76.3,66.0,7.4,84.5,234.2,dates
1985-86,87.1,90.4,7.5,83.6,268.6,dates
1986-87,94.2,90.4,6.9,84.9,276.4,dates
1987-88,92.2,92.0,6.7,85.6,276.5,dates
1988-89,93.5,96.1,5.8,86.2,281.6,dates
1989-90,93.7,97.3,5.5,87.6,284.1,dates
1990-91,96.2,97.6,5.5,88.0,287.3,dates
1991-92,87.5,107.1,5.7,92.6,292.9,dates
1992-93,87.4,84.0,5.8,98.0,275.2,dates
1993-94,89.6,84.1,5.9,399.0,578.6,dates
1994-95,91.5,30.7,5.9,403.4,531.5,dates
1995-96,91.5,31.5,5.9,403.6,532.5,dates
1996-97,92.2,32.1,6.0,404.1,534.4,dates
1997-98,93.7,34.0,6.3,403.5,537.5,dates
1998-99,95.4,215.4,6.5,404.3,721.6,dates
1999-2000,89.5,244.6,6.6,239.2,579.9,dates
2000-01,97.9,266.0,6.6,242.0,612.5,dates
2001-02,94.1,288.9,6.7,240.6,630.3,dates
2002-03,62.1,317.1,8.1,237.7,625.0,dates
2003-04,41.7,151.6,8.6,224.9,426.8,dates
2004-05,42.7,318.2,9.3,252.2,622.4,dates
2005-06,42.6,192.8,8.9,252.3,496.6,dates
2006-07,43.2,201.0,10.0,172.1,426.3,dates
2007-08,44.3,253.1,10.4,249.7,557.5,dates
2008-09,44.6,262.0,11.3,248.6,566.5,dates
2009-10,44.7,265.3,11.3,209.9,531.2,dates
2010-11,42.5,268.6,6.8,204.3,522.2,dates
2011-12,44.2,299.8,11.0,202.3,557.3,dates
2012-13,43.6,268.9,11.0,201.1,524.6,dates
2013-14,43.9,270.5,12.4,200.0,526.8,dates
2014-15,44.0,280.8,13.0,200.0,537.8,dates
2015-16,42.9,201.2,12.3,211.3,467.7,dates
2016-17,43.6,202.3,12.4,180.8,439.1,dates
2017-18,37.8,309.7,12.4,180.8,540.7,dates
2018-19,37.67,186.36,14.57,181.52,420.13,dates
2019-20,37.7,215.8,17.6,293.8,564.9,dates
2020-21,4.23,219.93,14.96,321.07,560.18,dates
2021-22,4.34,224.03,14.92,594.96,838.25,dates
1947-48,125.02,62.59,0.51,0.0,188.12,cotton
1948-49,109.2,54.6,0.17,0.0,163.97,cotton
1949-50,148.83,61.74,0.17,0.0,210.74,cotton
1950-51,154.61,84.36,0.17,0.0,239.15,cotton
1951-52,162.78,73.99,0.85,0.0,237.62,cotton
1952-53,203.09,99.5,0.85,0.0,303.44,cotton
1953-54,144.07,97.8,0.51,0.0,242.38,cotton
1954-55,174.85,94.06,0.34,0.0,269.25,cotton
1955-56,190.5,94.4,0.34,0.0,285.24,cotton
1956-57,193.39,97.29,0.34,0.0,291.02,cotton
1957-58,192.2,97.97,0.34,0.0,290.51,cotton
1958-59,172.64,96.95,0.34,0.0,269.93,cotton
1959-60,191.52,86.75,0.51,0.0,278.78,cotton
1960-61,191.25,96.08,0.36,0.0,287.69,cotton
1961-62,220.78,88.79,0.49,0.0,310.06,cotton
1962-63,254.28,95.52,0.56,0.0,350.37,cotton
1963-64,298.13,101.8,0.41,0.0,400.34,cotton
1964-65,285.04,75.79,0.41,0.0,361.24,cotton
1965-66,270.99,125.02,0.44,0.0,396.45,cotton
1966-67,322.15,120.44,0.46,0.0,443.05,cotton
1967-68,368.5,126.0,0.6,0.0,495.1,cotton
1968-69,369.71,134.47,0.43,0.0,504.61,cotton
1969-70,381.7,130.24,0.43,0.0,512.36,cotton
1970-71,396.31,145.67,0.39,0.07,542.43,cotton
1971-72,529.13,177.85,0.37,0.12,707.47,cotton
1972-73,502.46,198.73,0.48,0.05,701.72,cotton
1973-74,448.95,208.92,0.54,0.12,658.54,cotton
1974-75,440.16,193.32,0.65,0.07,634.2,cotton
1975-76,344.4,168.81,0.51,0.03,513.76,cotton
1976-77,276.87,157.44,0.6,0.07,434.97,cotton
1977-78,359.57,214.82,0.49,0.02,574.9,cotton
1978-79,330.3,142.54,0.44,0.02,473.29,cotton
1979-80,481.63,246.17,0.44,0.09,728.33,cotton
1980-81,474.43,239.3,0.48,0.34,714.55,cotton
1981-82,483.77,263.67,0.58,0.09,748.11,cotton
1982-83,553.68,269.51,0.56,0.15,823.9,cotton
1983-84,288.17,205.81,0.51,0.09,494.57,cotton
1984-85,757.05,250.98,0.51,0.15,1008.7,cotton
1985-86,969.72,246.49,0.49,0.2,1216.91,cotton
1986-87,1097.25,221.9,0.48,0.22,1319.85,cotton
1987-88,1234.07,233.65,0.46,0.19,1468.37,cotton
1988-89,1237.37,188.46,0.31,0.09,1426.22,cotton
1989-90,1267.88,187.68,0.29,0.09,1455.94,cotton
1990-91,1445.99,191.28,0.22,0.09,1637.58,cotton
1991-92,1941.88,238.67,0.29,0.09,2180.93,cotton
1992-93,1401.05,138.71,0.12,0.09,1539.96,cotton
1993-94,1109.5,258.03,0.07,0.12,1367.71,cotton
1994-95,1260.37,218.07,0.07,0.78,1479.29,cotton
1995-96,1483.18,316.62,0.05,2.23,1802.09,cotton
1996-97,1208.22,382.74,0.1,3.4,1594.46,cotton
1997-98,1159.5,397.25,0.14,5.19,1562.07,cotton
1998-99,1127.36,362.99,0.14,4.66,1495.14,cotton
1999-00,1497.47,404.37,0.1,9.87,1911.81,cotton
2000-01,1452.57,364.18,0.07,8.57,1825.39,cotton
2001-02,1368.54,415.56,0.7,20.29,1805.1,cotton
2002-03,1303.57,410.22,0.78,22.15,1736.72,cotton
2003-04,1310.03,381.48,0.85,16.65,1709.01,cotton
2004-05,1896.33,513.11,0.88,16.04,2426.37,cotton
2005-06,1746.48,450.4,0.88,16.62,2214.38,cotton
2006-07,1760.43,407.91,0.1,18.27,2186.71,cotton
2007-08,1541.36,431.38,0.09,9.59,1982.42,cotton
2008-09,1488.46,506.58,0.09,15.17,2010.29,cotton
2009-10,1454.61,726.4,0.01,15.42,2196.44,cotton
2010-11,1335.89,601.57,0.07,11.72,1949.25,cotton
2011-12,1892.93,400.87,0.12,18.45,2312.37,cotton
2012-13,1620.28,578.37,0.12,17.62,2216.39,cotton
2013-14,1555.47,599.3,0.14,16.96,2171.86,cotton
2014-15,1748.01,607.65,0.51,18.22,2374.39,cotton
2015-16,1078.88,591.16,0.2,16.6,1686.85,cotton
2016-17,1186.89,611.8,0.1,16.18,1814.96,cotton
2017-18,1373.82,642.23,0.09,15.7,2031.83,cotton
2018-19,1161.03,499.79,0.09,16.31,1677.22,cotton
2019-20,1072.69,467.0,0.1,16.79,1556.58,cotton
2020-21,5044.0,1861.79,0.33,157.8,7063.91,cotton
2021-22,5168.0,2998.41,0.51,161.9,8328.81,cotton
1947-48,165.0,1.0,186.0,1.0,353.0,maize
1948-49,171.0,1.0,199.0,2.0,373.0,maize
1949-50,187.0,1.0,210.0,3.0,401.0,maize
1950-51,159.0,1.0,218.0,3.0,381.0,maize
1951-52,157.0,1.0,217.0,2.0,377.0,maize
1952-53,153.0,2.0,189.0,2.0,346.0,maize
1953-54,221.0,1.0,178.0,2.0,402.0,maize
1954-55,204.0,3.0,217.0,2.0,426.0,maize
1955-56,208.0,3.0,237.0,2.0,450.0,maize
1956-57,218.0,3.0,239.0,2.0,462.0,maize
1957-58,207.0,3.0,228.0,2.0,440.0,maize
1958-59,240.0,3.0,236.0,2.0,481.0,maize
1959-60,233.0,3.0,240.0,2.0,478.0,maize
1960-61,202.0,4.0,224.0,2.0,432.0,maize
1961-62,231.0,4.0,243.0,2.0,480.0,maize
1962-63,239.0,3.0,237.0,2.0,481.0,maize
1963-64,240.0,5.0,271.0,2.0,518.0,maize
1964-65,243.0,5.0,270.0,2.0,520.0,maize
1965-66,213.0,6.0,310.0,2.0,531.0,maize
1966-67,255.0,6.0,315.0,2.0,578.0,maize
1967-68,388.0,10.0,377.0,4.0,779.0,maize
1968-69,305.0,10.0,298.0,3.0,616.0,maize
1969-70,318.0,12.0,322.0,5.0,657.0,maize
1970-71,343.4,12.0,357.8,4.5,717.7,maize
1971-72,340.7,13.1,348.5,2.8,705.1,maize
1972-73,329.3,11.6,363.2,1.8,705.9,maize
1973-74,344.6,12.8,407.0,2.7,767.1,maize
1974-75,326.1,11.1,407.7,2.0,746.9,maize
1975-76,386.3,12.8,401.5,1.9,802.5,maize
1976-77,361.7,13.2,386.1,2.8,763.8,maize
1977-78,391.7,12.2,414.5,2.5,820.9,maize
1978-79,384.5,12.5,398.9,2.7,798.6,maize
1979-80,420.6,13.6,438.4,2.6,875.2,maize
1980-81,444.7,12.3,510.9,2.5,970.4,maize
1981-82,405.3,10.9,512.2,2.0,930.4,maize
1982-83,450.1,9.8,542.9,2.6,1005.4,maize
1983-84,450.0,9.8,550.9,2.8,1013.5,maize
1984-85,460.0,10.4,554.0,3.2,1027.6,maize
1985-86,415.0,10.1,580.6,3.7,1009.4,maize
1986-87,453.3,10.4,643.5,4.0,1111.2,maize
1987-88,404.8,8.7,709.3,4.1,1126.9,maize
1988-89,455.3,9.7,735.1,4.0,1204.1,maize
1989-90,455.0,9.6,710.5,4.2,1179.3,maize
1990-91,425.0,9.6,745.7,4.2,1184.5,maize
1991-92,415.3,8.7,774.9,4.2,1203.1,maize
1992-93,401.9,6.0,771.4,4.3,1183.6,maize
1993-94,437.4,5.6,767.1,2.9,1213.0,maize
1994-95,460.5,6.4,846.7,4.5,1318.1,maize
1995-96,671.3,5.9,822.2,4.5,1503.9,maize
1996-97,681.6,5.6,799.7,3.9,1490.8,maize
1997-98,694.0,5.0,814.0,4.3,1517.3,maize
1998-99,828.2,5.5,827.6,3.7,1665.0,maize
1999-2000,817.2,4.6,827.4,2.8,1652.0,maize
2000-01,748.5,4.4,887.9,2.5,1643.3,maize
2001-02,741.9,3.2,916.4,2.9,1664.4,maize
2002-03,882.9,3.6,847.5,3.1,1737.1,maize
2003-04,1019.8,4.8,867.6,5.2,1897.4,maize
2004-05,1934.6,1.6,855.5,5.3,2797.0,maize
2005-06,2319.4,1.6,782.4,6.2,3109.6,maize
2006-07,2161.9,1.4,918.6,6.5,3088.4,maize
2007-08,2694.0,1.8,903.9,5.0,3604.7,maize
2008-09,2627.2,1.7,957.9,6.2,3593.0,maize
2009-10,2501.5,1.9,752.2,5.9,3261.5,maize
2010-11,2959.2,1.6,740.5,5.7,3707.0,maize
2011-12,3441.7,2.9,887.8,5.9,4338.3,maize
2012-13,3353.1,3.6,858.3,5.1,4220.1,maize
2013-14,4020.8,3.5,914.8,5.1,4944.2,maize
2014-15,4019.9,3.4,909.7,3.8,4936.8,maize
2015-16,4391.2,3.6,873.0,3.1,5270.9,maize
2016-17,5237.2,3.6,890.1,3.4,6134.3,maize
2017-18,5028.0,3.6,867.0,3.0,5901.6,maize
2018-19,5915.5,3.5,904.5,2.8,6826.3,maize
2019-20,6994.7,4.0,881.6,2.8,7883.1,maize
2020-21,8039.9,4.22,891.02,4.65,8939.79,maize
2021-22,9739.1,4.37,886.52,4.84,10634.83,maize
2022-23,10054.7,3.15,923.78,3.18,10984.81,maize
1947-48,249.0,382.0,6.0,45.0,682.0,rice
1948-49,311.0,374.0,10.0,41.0,736.0,rice
1949-50,342.0,398.0,11.0,41.0,792.0,rice
1950-51,307.0,490.0,9.0,45.0,851.0,rice
1951-52,285.0,385.0,11.0,38.0,719.0,rice
1952-53,302.0,469.0,8.0,40.0,819.0,rice
1953-54,370.0,472.0,7.0,57.0,906.0,rice
1954-55,282.0,483.0,10.0,50.0,825.0,rice
1955-56,275.0,499.0,11.0,43.0,828.0,rice
1956-57,313.0,452.0,11.0,55.0,831.0,rice
1957-58,303.0,483.0,12.0,64.0,862.0,rice
1958-59,404.0,508.0,14.0,50.0,976.0,rice
1959-60,410.0,520.0,14.0,35.0,979.0,rice
1960-61,499.0,469.0,12.0,34.0,1014.0,rice
1961-62,508.0,574.0,12.0,15.0,1109.0,rice
1962-63,521.0,514.0,12.0,31.0,1078.0,rice
1963-64,531.0,594.0,13.0,35.0,1173.0,rice
1964-65,649.0,629.0,14.0,37.0,1329.0,rice
1965-66,568.0,676.0,33.0,19.0,1296.0,rice
1966-67,618.0,651.0,34.0,40.0,1343.0,rice
1967-68,770.0,629.0,37.0,39.0,1475.0,rice
1968-69,1078.0,839.0,45.0,38.0,2000.0,rice
1969-70,1175.0,1097.0,49.0,42.0,2363.0,rice
1970-71,982.5,1122.7,66.0,28.5,2199.7,rice
1971-72,991.9,1168.1,59.3,42.6,2261.9,rice
1972-73,1000.9,1221.9,66.0,40.9,2329.7,rice
1973-74,1114.5,1235.0,72.2,33.4,2455.1,rice
1974-75,1152.4,1049.0,76.9,35.5,2313.8,rice
1975-76,1207.2,1286.1,84.6,39.6,2617.5,rice
1976-77,1332.0,1292.0,85.4,28.0,2737.4,rice
1977-78,1507.8,1315.3,87.6,38.9,2949.6,rice
1978-79,1765.9,1340.9,104.0,61.2,3272.0,rice
1979-80,1518.4,1499.1,104.7,93.6,3215.8,rice
1980-81,1361.7,1549.9,105.1,106.5,3123.2,rice
1981-82,1450.9,1584.2,110.7,283.9,3429.7,rice
1982-83,1407.0,1560.1,112.7,364.9,3444.7,rice
1983-84,1409.4,1478.8,115.8,335.5,3339.5,rice
1984-85,1534.9,1345.0,115.5,319.8,3315.2,rice
1985-86,1478.2,1071.7,113.8,255.2,2918.9,rice
1986-87,1534.8,1548.5,118.3,284.7,3486.3,rice
1987-88,1352.3,1537.5,107.5,243.6,3240.9,rice
1988-89,1367.3,1435.9,117.8,279.2,3200.2,rice
1989-90,1482.2,1340.0,114.6,283.3,3220.1,rice
1990-91,1422.3,1433.4,118.0,287.1,3260.8,rice
1991-92,1342.2,1487.5,123.0,290.4,3243.1,rice
1992-93,1403.9,1272.8,111.9,327.5,3116.1,rice
1993-94,1588.2,1954.9,118.4,333.2,3994.7,rice
1994-95,1684.0,1406.7,118.2,237.6,3446.5,rice
1995-96,1803.0,1697.2,118.2,348.1,3966.5,rice
1996-97,1864.0,1961.5,123.5,355.8,4304.8,rice
1997-98,1948.0,1840.9,130.2,413.9,4333.0,rice
1998-99,2176.0,1930.3,133.6,433.9,4673.8,rice
1999-2000,2481.0,2123.0,129.2,422.4,5155.6,rice
2000-01,2577.0,1682.3,131.2,412.1,4802.6,rice
2001-02,2266.0,1159.1,121.7,335.2,3882.0,rice
2002-03,2579.7,1299.7,131.7,467.4,4478.5,rice
2003-04,2871.4,1432.8,130.8,412.6,4847.6,rice
2004-05,2980.3,1499.7,123.2,421.6,5024.8,rice
2005-06,3179.6,1721.0,117.5,529.1,5547.2,rice
2006-07,3075.53,1761.79,122.9,478.2,5438.42,rice
2007-08,3286.0,1817.7,128.3,331.4,5563.4,rice
2008-09,3643.0,2537.1,128.2,643.7,6952.0,rice
2009-10,3713.0,2422.3,102.4,645.0,6882.7,rice
2010-11,3384.0,1230.3,78.4,130.6,4823.3,rice
2011-12,3277.0,2260.1,94.7,528.6,6160.4,rice
2012-13,3478.0,1843.9,93.8,120.2,5535.9,rice
2013-14,2481.0,2617.3,111.9,587.9,5798.1,rice
2014-15,3648.0,2652.6,131.0,571.2,7002.8,rice
2015-16,3502.3,2572.8,153.8,572.7,6801.6,rice
2016-17,3475.0,2661.6,158.2,554.5,6849.3,rice
2017-18,3898.0,2850.5,147.5,553.8,7449.8,rice
2018-19,3979.0,2571.1,153.8,498.1,7202.0,rice
2019-20,4143.72,2374.3,152.9,535.0,7205.92,rice
2020-21,5301.4,2416.07,158.53,543.67,8419.68,rice
2021-22,5779.0,2861.38,157.55,524.75,9322.67,rice
2022-23,5070.0,2011.8,137.27,103.16,7322.23,rice
1948-49,269.0,58.0,12.0,1.0,340.0,bajra
1949-50,276.0,82.0,11.0,1.0,370.0,bajra
1950-51,289.0,85.0,11.0,1.0,386.0,bajra
1951-52,186.0,69.0,9.0,1.0,265.0,bajra
1952-53,194.0,62.0,11.0,0.0,267.0,bajra
1953-54,309.0,130.0,21.0,1.0,461.0,bajra
1954-55,220.0,114.0,15.0,0.0,349.0,bajra
1955-56,235.0,88.0,17.0,0.0,340.0,bajra
1956-57,243.0,103.0,17.0,0.0,363.0,bajra
1957-58,193.0,71.0,10.0,0.0,274.0,bajra
1958-59,213.0,85.0,11.0,0.0,309.0,bajra
1959-60,195.0,123.0,6.0,0.0,324.0,bajra
1960-61,218.0,72.0,11.0,0.0,301.0,bajra
1961-62,239.0,107.0,18.0,0.0,364.0,bajra
1962-63,250.0,151.0,14.0,1.0,416.0,bajra
1963-64,215.0,122.0,18.0,1.0,356.0,bajra
1964-65,261.0,155.0,22.0,1.0,439.0,bajra
1965-66,240.0,108.0,15.0,1.0,364.0,bajra
1966-67,241.0,108.0,15.0,1.0,365.0,bajra
1967-68,261.0,129.0,16.0,1.0,407.0,bajra
1968-69,210.0,104.0,10.0,1.0,325.0,bajra
1969-70,212.0,73.0,12.0,0.0,297.0,bajra
1970-71,221.5,120.9,10.2,2.0,354.6,bajra
1971-72,233.9,111.8,13.0,1.0,359.7,bajra
1972-73,227.7,64.0,11.5,0.9,304.1,bajra
1973-74,237.9,97.4,13.8,2.1,351.2,bajra
1974-75,209.8,35.2,19.8,0.7,265.5,bajra
1975-76,220.5,74.3,12.6,0.5,307.9,bajra
1976-77,198.3,100.0,12.4,0.1,310.8,bajra
1977-78,195.7,109.7,12.6,0.3,318.3,bajra
1978-79,188.1,118.0,10.9,0.4,317.4,bajra
1979-80,175.1,92.2,9.9,0.1,277.3,bajra
1980-81,174.8,33.0,6.1,0.1,214.0,bajra
1981-82,165.4,98.0,8.9,0.1,272.4,bajra
1982-83,160.2,52.8,6.5,0.4,219.9,bajra
1983-84,152.9,96.5,6.5,0.3,256.2,bajra
1984-85,170.3,106.2,6.9,0.3,283.7,bajra
1985-86,154.1,98.2,6.0,0.1,258.4,bajra
1986-87,149.9,75.3,7.3,0.2,232.7,bajra
1987-88,116.7,13.7,4.7,0.2,135.3,bajra
1988-89,125.6,63.5,11.2,0.6,200.9,bajra
1989-90,127.0,68.0,8.9,0.3,204.2,bajra
1990-91,120.6,68.8,6.0,0.4,195.8,bajra
1991-92,118.8,13.4,6.2,0.3,138.7,bajra
1992-93,124.4,69.7,8.7,0.3,203.1,bajra
1993-94,124.7,7.7,4.8,0.3,137.5,bajra
1994-95,138.7,80.2,8.9,0.4,228.2,bajra
1995-96,135.7,20.8,4.6,0.4,161.5,bajra
1996-97,132.6,8.6,4.0,0.4,145.6,bajra
1997-98,139.5,66.2,5.1,0.5,211.3,bajra
1998-99,136.2,73.1,3.3,0.3,212.9,bajra
1999-2000,143.5,8.9,2.9,0.3,155.6,bajra
2000-01,155.6,40.5,2.5,0.4,199.0,bajra
2001-02,158.2,54.4,3.5,0.3,216.4,bajra
2002-03,180.9,5.3,2.8,0.2,189.2,bajra
2003-04,194.8,76.3,2.4,0.2,273.7,bajra
2004-05,186.8,3.2,2.8,0.5,193.3,bajra
2005-06,205.0,12.7,2.3,0.8,220.8,bajra
2006-07,216.8,18.0,2.3,0.9,238.0,bajra
2007-08,223.5,77.0,2.3,2.2,305.0,bajra
2008-09,247.1,45.0,2.2,2.1,296.4,bajra
2009-10,244.9,44.6,2.2,1.3,293.0,bajra
2010-11,270.1,71.2,3.0,1.7,346.0,bajra
2011-12,282.9,16.7,2.4,2.1,304.1,bajra
2012-13,282.9,23.3,2.4,2.0,310.6,bajra
2013-14,273.6,23.3,2.0,2.1,301.0,bajra
2014-15,267.4,23.1,2.3,1.7,294.5,bajra
2015-16,271.9,23.2,2.5,2.0,299.6,bajra
2016-17,277.3,23.3,2.3,2.0,304.9,bajra
2017-18,311.7,23.7,1.8,1.8,339.0,bajra
2018-19,343.4,3.3,1.9,1.4,350.0,bajra
2019-20,335.5,3.3,1.9,1.4,342.1,bajra
2020-21,216.21,43.16,3.62,3.09,266.08,bajra
2021-22,177.75,45.28,1.73,1.56,226.32,bajra
1947-48,73.0,90.0,22.0,17.0,202.0,jowar
1948-49,91.0,109.0,21.0,22.0,243.0,jowar
1949-50,138.0,95.0,9.0,25.0,267.0,jowar
1950-51,113.0,96.0,9.0,26.0,244.0,jowar
1951-52,102.0,74.0,7.0,22.0,205.0,jowar
1952-53,111.0,84.0,8.0,17.0,220.0,jowar
1953-54,104.0,87.0,10.0,27.0,228.0,jowar
1954-55,95.0,97.0,9.0,20.0,221.0,jowar
1955-56,131.0,86.0,10.0,22.0,249.0,jowar
1956-57,156.0,81.0,4.0,14.0,255.0,jowar
1957-58,88.0,78.0,5.0,12.0,183.0,jowar
1958-59,102.0,91.0,9.0,10.0,212.0,jowar
1959-60,108.0,95.0,8.0,18.0,229.0,jowar
1960-61,97.0,92.0,14.0,14.0,217.0,jowar
1961-62,110.0,110.0,13.0,11.0,244.0,jowar
1962-63,110.0,113.0,12.0,12.0,247.0,jowar
1963-64,112.0,64.0,14.0,44.0,234.0,jowar
1964-65,126.0,105.0,18.0,39.0,288.0,jowar
1965-66,107.0,100.0,11.0,52.0,270.0,jowar
1966-67,124.0,106.0,16.0,27.0,273.0,jowar
1967-68,118.0,111.0,15.0,42.0,286.0,jowar
1968-69,106.0,85.0,13.0,54.0,258.0,jowar
1969-70,120.0,116.0,17.0,26.0,279.0,jowar
1970-71,141.2,131.1,12.2,44.7,329.2,jowar
1971-72,129.6,112.9,13.8,55.8,312.1,jowar
1972-73,126.0,109.5,15.1,50.9,301.5,jowar
1973-74,140.1,109.9,18.9,109.2,378.1,jowar
1974-75,116.4,94.4,14.8,40.0,265.6,jowar
1975-76,126.0,106.2,11.0,37.8,281.0,jowar
1976-77,117.8,103.6,11.2,28.7,261.3,jowar
1977-78,114.2,92.0,11.4,66.5,284.1,jowar
1978-79,117.7,81.3,18.1,35.3,252.4,jowar
1979-80,116.4,83.0,15.2,34.5,249.1,jowar
1980-81,119.0,65.5,11.5,33.8,229.8,jowar
1981-82,114.2,67.1,14.7,28.6,224.6,jowar
1982-83,112.4,64.6,9.9,35.0,221.9,jowar
1983-84,120.1,55.2,8.6,38.2,222.1,jowar
1984-85,127.3,62.0,10.7,30.4,230.4,jowar
1985-86,120.6,57.9,11.1,29.0,218.6,jowar
1986-87,134.8,62.1,11.0,27.6,235.5,jowar
1987-88,95.0,54.3,6.7,24.6,180.6,jowar
1988-89,129.2,62.6,18.0,38.3,248.1,jowar
1989-90,127.9,67.8,21.5,45.0,262.2,jowar
1990-91,125.9,68.0,15.0,30.0,238.9,jowar
1991-92,115.0,61.2,15.8,32.5,224.5,jowar
1992-93,132.7,52.5,15.5,37.7,238.4,jowar
1993-94,129.4,44.9,7.1,30.9,212.3,jowar
1994-95,141.0,57.1,12.5,52.8,263.4,jowar
1995-96,137.5,54.1,9.5,53.7,254.8,jowar
1996-97,138.5,49.1,7.2,24.4,219.2,jowar
1997-98,137.1,53.5,8.5,32.2,231.3,jowar
1998-99,134.9,64.4,5.4,23.1,227.8,jowar
1999-2000,140.7,55.9,5.4,18.4,220.4,jowar
2000-01,144.0,51.8,5.0,17.3,218.1,jowar
2001-02,142.7,57.4,5.5,16.0,221.6,jowar
2002-03,132.5,47.6,3.7,18.8,202.6,jowar
2003-04,144.3,68.7,4.4,20.7,238.1,jowar
2004-05,124.1,38.8,4.5,19.0,186.4,jowar
2005-06,76.0,43.7,3.9,29.0,152.6,jowar
2006-07,101.0,44.1,3.6,30.8,179.5,jowar
2007-08,104.3,41.2,3.4,21.2,170.1,jowar
2008-09,102.7,33.0,3.7,25.1,164.5,jowar
2009-10,103.6,24.8,4.1,21.6,154.1,jowar
2010-11,106.6,10.2,4.6,19.8,141.2,jowar
2011-12,101.9,14.9,3.6,16.7,137.1,jowar
2012-13,94.4,12.0,3.7,12.4,122.5,jowar
2013-14,86.4,12.0,6.7,17.8,122.9,jowar
2014-15,85.1,11.6,2.6,15.2,114.5,jowar
2015-16,126.1,12.3,4.8,17.3,160.5,jowar
2016-17,113.3,12.4,4.8,18.2,148.7,jowar
2017-18,122.6,11.1,3.4,15.6,152.7,jowar
2018-19,123.9,9.5,3.5,11.9,148.8,jowar
2019-20,92.8,9.5,3.5,16.8,122.6,jowar
2020-21,58.53,9.88,6.13,21.44,95.97,jowar
2021-22,29.96,9.91,4.59,19.48,63.94,jowar
1957-58,102.0,28.0,0.0,0.0,130.0,mango
1958-59,143.0,59.0,0.0,0.0,202.0,mango
1959-60,137.0,65.0,0.0,0.0,202.0,mango
1960-61,146.0,89.0,0.0,0.0,235.0,mango
1961-62,164.0,324.0,0.0,0.0,488.0,mango
1962-63,112.0,111.0,1.0,0.0,224.0,mango
1963-64,122.0,114.0,0.0,2.0,238.0,mango
1964-65,171.0,170.0,0.0,2.0,343.0,mango
1965-66,171.0,182.0,0.0,3.0,356.0,mango
1966-67,275.0,347.0,2.0,1.0,625.0,mango
1967-68,249.0,356.0,2.0,1.0,608.0,mango
1968-69,257.0,358.0,2.0,1.0,618.0,mango
1969-70,308.0,358.0,1.0,2.0,669.0,mango
1970-71,320.1,197.1,0.0,2.0,519.2,mango
1971-72,328.2,204.3,0.25,2.0,534.75,mango
1972-73,329.4,220.4,0.25,2.0,552.05,mango
1973-74,347.1,230.0,0.25,2.5,579.85,mango
1974-75,377.9,223.6,0.25,2.6,604.35,mango
1975-76,350.7,241.7,0.25,2.7,595.35,mango
1976-77,318.3,256.5,0.25,2.8,577.85,mango
1977-78,302.2,254.3,0.25,3.3,560.05,mango
1978-79,273.8,259.8,0.25,3.5,537.35,mango
1979-80,282.3,262.9,0.25,3.6,549.05,mango
1980-81,273.9,267.4,1.5,3.8,546.6,mango
1981-82,387.9,258.7,1.3,3.8,651.7,mango
1982-83,417.3,259.6,1.4,4.3,682.6,mango
1983-84,407.0,260.3,1.4,4.4,673.1,mango
1984-85,429.0,257.1,1.5,4.3,691.9,mango
1985-86,450.6,257.2,1.5,4.1,713.4,mango
1986-87,470.3,260.3,1.6,4.4,736.6,mango
1987-88,446.8,259.1,1.7,5.3,712.9,mango
1988-89,467.6,260.2,1.7,5.5,735.0,mango
1989-90,493.1,265.4,1.8,5.7,766.0,mango
1990-91,501.0,267.1,1.9,6.0,776.0,mango
1991-92,507.6,269.2,1.9,8.5,787.2,mango
1992-93,510.1,270.9,2.0,10.7,793.7,mango
1993-94,550.2,274.4,2.0,12.7,839.3,mango
1994-95,581.4,285.3,2.1,14.9,883.7,mango
1995-96,598.8,291.7,2.2,15.1,907.8,mango
1996-97,602.4,293.5,2.2,16.4,914.5,mango
1997-98,586.2,311.9,2.3,16.4,916.8,mango
1998-99,582.8,314.6,2.3,16.7,916.4,mango
1999-00,603.8,320.7,2.3,10.9,937.7,mango
2000-01,634.9,340.3,2.3,12.3,989.8,mango
2001-02,650.3,371.5,2.5,12.8,1037.1,mango
2002-03,684.2,335.9,3.2,11.3,1034.6,mango
2003-04,707.8,338.4,3.1,6.6,1055.9,mango
2004-05,1311.9,349.6,3.2,6.5,1671.2,mango
2005-06,1391.8,352.4,3.2,6.5,1753.9,mango
2006-07,1356.6,353.4,3.4,5.8,1719.2,mango
2007-08,1373.1,368.1,4.0,8.5,1753.7,mango
2008-09,1324.9,390.5,4.0,8.5,1727.9,mango
2009-10,1455.7,379.0,3.9,6.9,1845.5,mango
2010-11,1503.2,381.3,2.9,1.1,1888.5,mango
2011-12,1304.2,391.8,2.9,1.2,1700.1,mango
2012-13,1280.2,396.1,3.0,1.1,1680.4,mango
2013-14,1252.0,402.5,3.0,1.1,1658.6,mango
2014-15,1313.6,399.2,3.0,1.1,1716.9,mango
2015-16,1227.95,404.18,3.1,1.25,1636.47,mango
2016-17,1375.03,404.87,3.05,1.14,1784.09,mango
2017-18,1329.3,400.5,3.0,1.14,1733.94,mango
2018-19,1330.17,387.88,3.32,1.31,1722.68,mango
2019-20,1304.3,329.3,3.6,1.7,1638.9,mango
2020-21,1321.46,386.97,3.6,1.78,1713.81,mango
2021-22,1450.44,387.4,3.5,3.36,1844.71,mango
Source: - Agriculture Statistics of Pakistan,,,,,,mango
1980-81,19.0,22.4,35.9,14.8,92.1,tomato
1981-82,16.9,22.2,42.2,17.8,99.1,tomato
1982-83,20.3,23.5,44.8,29.7,118.3,tomato
1983-84,20.5,23.8,47.1,35.8,127.2,tomato
1984-85,15.3,24.8,48.5,41.4,130.0,tomato
1985-86,15.8,27.4,51.4,55.4,150.0,tomato
1986-87,18.4,28.6,53.1,47.9,148.0,tomato
1987-88,19.8,28.3,61.3,52.2,161.6,tomato
1988-89,26.2,26.9,71.0,54.7,178.8,tomato
1989-90,29.3,27.1,72.0,65.4,193.8,tomato
1990-91,49.5,28.3,76.7,59.0,213.5,tomato
1991-92,55.0,29.3,81.9,71.7,237.9,tomato
1992-93,55.7,30.0,83.9,73.7,243.3,tomato
1993-94,57.7,29.6,90.5,76.5,254.3,tomato
1994-95,61.6,29.8,101.1,83.3,275.8,tomato
1995-96,64.1,32.2,119.4,88.9,304.6,tomato
1996-97,65.5,32.2,124.3,91.1,313.1,tomato
1997-98,65.3,32.4,123.1,104.5,325.3,tomato
1998-99,68.9,32.4,130.5,100.2,332.0,tomato
1999-2000,71.6,30.8,138.1,42.7,283.2,tomato
2000-01,60.8,32.9,140.0,35.1,268.8,tomato
2001-02,62.2,32.8,146.2,52.9,294.1,tomato
2002-03,65.2,35.0,148.3,57.8,306.3,tomato
2003-04,64.0,35.7,157.5,155.6,412.8,tomato
2004-05,63.7,34.0,146.9,181.6,426.2,tomato
2005-06,64.6,48.3,161.6,193.6,468.1,tomato
2006-07,64.8,60.5,160.8,216.2,502.3,tomato
2007-08,70.1,91.8,162.0,212.3,536.2,tomato
2008-09,72.5,100.9,161.8,226.7,561.9,tomato
2009-10,77.9,100.4,119.3,179.2,476.8,tomato
2010-11,87.8,114.8,113.2,213.8,529.6,tomato
2011-12,86.0,141.6,129.9,220.4,577.9,tomato
2012-13,86.3,174.8,131.1,181.9,574.1,tomato
2013-14,100.1,200.6,135.7,163.3,599.7,tomato
2014-15,94.6,202.4,132.0,141.6,570.6,tomato
2015-16,106.2,206.5,130.0,144.4,587.1,tomato
2016-17,105.6,195.8,127.6,140.0,569.0,tomato
2017-18,115.3,210.9,124.8,169.1,620.1,tomato
2018-19,138.4,153.28,132.21,137.4,561.29,tomato
2019-20,163.77,153.3,133.2,140.3,590.57,tomato
2020-21,147.32,176.9,87.92,138.76,550.9,tomato
2021-22,130.84,176.9,89.36,144.18,541.28,tomato
1947-48,6.0,2.0,1.0,0.0,9.0,sesamum
1948-49,4.0,2.0,0.0,0.0,6.0,sesamum
1949-50,5.0,1.0,0.0,0.0,6.0,sesamum
1950-51,6.0,2.0,0.0,0.0,8.0,sesamum
1951-52,5.0,2.0,0.0,0.0,7.0,sesamum
1952-53,4.0,2.0,0.0,0.0,6.0,sesamum
1953-54,4.0,2.0,0.0,0.0,6.0,sesamum
1954-55,4.0,2.0,0.0,0.0,6.0,sesamum
1955-56,4.0,2.0,0.0,0.0,6.0,sesamum
1956-57,4.0,2.0,0.0,0.0,6.0,sesamum
1957-58,4.0,2.0,0.0,0.0,6.0,sesamum
1958-59,4.0,2.0,0.0,0.0,6.0,sesamum
1959-60,5.0,3.0,0.0,0.0,8.0,sesamum
1960-61,5.0,2.0,0.0,0.0,7.0,sesamum
1961-62,6.0,5.0,0.0,0.0,11.0,sesamum
1962-63,4.0,3.0,1.0,0.0,8.0,sesamum
1963-64,4.0,3.0,1.0,0.0,8.0,sesamum
1964-65,5.0,4.0,0.0,0.0,9.0,sesamum
1965-66,4.0,3.0,0.0,0.0,7.0,sesamum
1966-67,4.0,2.0,0.0,1.0,7.0,sesamum
1967-68,5.0,4.0,0.0,0.0,9.0,sesamum
1968-69,5.0,3.0,0.0,0.0,8.0,sesamum
1969-70,4.0,2.0,0.0,2.0,8.0,sesamum
1970-71,4.1,4.1,0.0,2.0,10.2,sesamum
1971-72,4.8,5.8,0.9,2.0,13.5,sesamum
1972-73,5.1,2.7,0.9,1.7,10.4,sesamum
1973-74,4.2,4.4,0.3,3.5,12.4,sesamum
1974-75,3.7,1.7,0.4,2.3,8.1,sesamum
1975-76,3.6,5.0,0.5,1.6,10.7,sesamum
1976-77,2.4,4.8,0.6,4.2,12.0,sesamum
1977-78,3.9,5.0,0.6,3.1,12.6,sesamum
1978-79,4.1,6.1,0.9,7.6,18.7,sesamum
1979-80,6.2,6.5,0.2,6.4,19.3,sesamum
1980-81,9.1,2.7,0.4,6.1,18.3,sesamum
1981-82,9.7,3.7,0.5,2.7,16.6,sesamum
1982-83,6.1,3.3,0.2,1.2,10.8,sesamum
1983-84,5.4,1.9,0.3,1.2,8.8,sesamum
1984-85,8.8,3.3,0.3,1.1,13.5,sesamum
1985-86,10.7,2.8,0.3,1.1,14.9,sesamum
1986-87,7.4,3.8,0.2,1.1,12.5,sesamum
1987-88,6.1,0.5,0.2,0.4,7.2,sesamum
1988-89,8.6,0.6,0.2,0.7,10.1,sesamum
1989-90,13.4,0.6,0.2,1.0,15.2,sesamum
1990-91,18.3,2.2,0.2,0.7,21.4,sesamum
1991-92,27.0,0.7,0.3,0.7,28.7,sesamum
1992-93,32.0,0.7,0.3,1.0,34.0,sesamum
1993-94,30.8,0.6,0.3,0.6,32.3,sesamum
1994-95,33.0,0.9,0.5,1.8,36.2,sesamum
1995-96,36.4,0.6,0.6,1.9,39.5,sesamum
1996-97,43.6,0.2,0.4,0.7,44.9,sesamum
1997-98,39.9,0.7,0.4,1.5,42.5,sesamum
1998-99,29.7,0.7,0.4,1.3,32.1,sesamum
1999-2000,33.6,0.2,0.4,1.2,35.4,sesamum
2000-01,49.5,0.4,0.3,0.5,50.7,sesamum
2001-02,68.1,0.7,0.2,0.6,69.6,sesamum
2002-03,17.4,0.9,0.2,0.7,19.2,sesamum
2003-04,22.1,1.6,0.2,0.8,24.7,sesamum
2004-05,28.3,0.6,0.1,0.8,29.8,sesamum
2005-06,31.6,1.4,0.1,2.0,35.1,sesamum
2006-07,26.9,1.3,0.1,2.1,30.4,sesamum
2007-08,27.5,3.2,0.2,1.9,32.8,sesamum
2008-09,33.0,3.5,0.1,4.4,41.0,sesamum
2009-10,25.2,3.8,0.1,4.3,33.4,sesamum
2010-11,23.8,2.9,0.1,4.3,31.1,sesamum
2011-12,23.5,2.3,0.1,4.4,30.3,sesamum
2012-13,21.8,3.2,0.1,4.0,29.1,sesamum
2013-14,24.5,3.4,0.1,4.6,32.6,sesamum
2014-15,25.8,3.8,0.1,4.6,34.3,sesamum
2015-16,24.8,3.2,0.1,3.7,31.8,sesamum
2016-17,25.5,4.8,0.1,3.7,34.1,sesamum
2017-18,27.0,4.5,0.2,3.7,35.4,sesamum
2018-19,29.1,3.1,0.1,3.5,35.8,sesamum
2019-20,55.6,5.2,0.1,3.7,64.6,sesamum
2020-21,90.66,5.88,0.14,5.52,102.2,sesamum
2021-22,115.7,6.31,0.24,5.73,127.98,sesamum
